	BAIXADAS LITORANEAS	ARARUAMA	33026386	CIEP 253 GUIMARAES ROSA
	BAIXADAS LITORANEAS	ARARUAMA	33026394	CIEP 460 THIOPHYLA BRAGANCA
	BAIXADAS LITORANEAS	ARARUAMA	33026408	CIEP 148 PROFESSOR CARLOS ELIO VOGAS DA SILVA
	BAIXADAS LITORANEAS	ARARUAMA	33026432	CE EDMUNDO SILVA
	BAIXADAS LITORANEAS	ARARUAMA	33026440	CE PROFESSORA CLARICE COELHO MOREIRA CALDAS
	BAIXADAS LITORANEAS	ARARUAMA	33026726	CE PROFESSOR FONSECA
	BAIXADAS LITORANEAS	ARARUAMA	33026734	CE ANTONIO PINTO DE MORAES
	BAIXADAS LITORANEAS	ARARUAMA	33026874	CIEP 384 GONCALVES DIAS
	BAIXADAS LITORANEAS	ARMAÇÃO DOS BÚZIOS	33027820	CE JOAO DE OLIVEIRA BOTAS
	BAIXADAS LITORANEAS	ARRAIAL DO CABO	33027102	CE VINTE DE JULHO
	BAIXADAS LITORANEAS	ARRAIAL DO CABO	33027137	CE ALMIRANTE FREDERICO VILLAR
	BAIXADAS LITORANEAS	CABO FRIO	33027285	CIEP 458 HERMES BARCELOS
	BAIXADAS LITORANEAS	CABO FRIO	33027293	CIEP 150 PROFESSORA AMELIA FERREIRA DOS SANTOS GABINA
	BAIXADAS LITORANEAS	CABO FRIO	33027307	CIEP 193 WILSON MENDES
	BAIXADAS LITORANEAS	CABO FRIO	33027315	CE PROFESSOR RENATO AZEVEDO
	BAIXADAS LITORANEAS	CABO FRIO	33027323	CE MIGUEL COUTO
	BAIXADAS LITORANEAS	CABO FRIO	33027420	EE ASPINO ROCHA
	BAIXADAS LITORANEAS	CABO FRIO	33027439	CE PRAIA DO SIQUEIRA
	BAIXADAS LITORANEAS	CABO FRIO	33027447	CE PROFESSOR CORDELINO TEIXEIRA PAULO
	BAIXADAS LITORANEAS	CABO FRIO	33027455	IE PROFESSORA ISMAR GOMES DE AZEVEDO
	BAIXADAS LITORANEAS	CABO FRIO	33093687	CIEP 357 JOSE DE DOME
	BAIXADAS LITORANEAS	CABO FRIO	33093709	CIEP 331 LYSIA BERNARDES
	BAIXADAS LITORANEAS	IGUABA GRANDE	33028583	CIEP 457 DOUTOR JOSE ELIAS MELLO DOS SANTOS
	BAIXADAS LITORANEAS	IGUABA GRANDE	33028605	CE DOUTOR FRANCISCO DE PAULA PARANHOS
	BAIXADAS LITORANEAS	MARICÁ	33053910	CE ELISIARIO MATTA
	BAIXADAS LITORANEAS	MARICÁ	33053952	CE DOMICIO DA GAMA
	BAIXADAS LITORANEAS	MARICÁ	33053995	EE PROFESSORA CACILDA SILVA
	BAIXADAS LITORANEAS	MARICÁ	33054177	CE DOUTOR JOAO GOMES DE MATTOS SOBRINHO
	BAIXADAS LITORANEAS	MARICÁ	33054185	CE CAIO FRANCISCO DE FIGUEIREDO
	BAIXADAS LITORANEAS	MARICÁ	33054215	CE EUCLYDES PAULO DA SILVA
	BAIXADAS LITORANEAS	MARICÁ	33054339	CE FRANCISCO JOSE DO NASCIMENTO
	BAIXADAS LITORANEAS	MARICÁ	33096929	CIEP 391 PROFESSOR ROBSON MENDONCA LOU
	BAIXADAS LITORANEAS	MARICÁ	33102414	CIEP 259 PROFESSORA MARIA DO AMPARO RANGEL DE SOUZA
	BAIXADAS LITORANEAS	NITERÓI	33055467	CIEP 251 DONA MARIA PORTUGAL
	BAIXADAS LITORANEAS	NITERÓI	33055610	CE AURELINO LEAL
	BAIXADAS LITORANEAS	NITERÓI	33055629	CE BALTAZAR BERNARDINO
	BAIXADAS LITORANEAS	NITERÓI	33055637	CE BRIGADEIRO CASTRIOTO
	BAIXADAS LITORANEAS	NITERÓI	33055645	CE CIZINIO SOARES PINTO
	BAIXADAS LITORANEAS	NITERÓI	33055653	CE CONSELHEIRO MACEDO SOARES
	BAIXADAS LITORANEAS	NITERÓI	33055661	CE DOUTOR LUCIANO PESTRE
	BAIXADAS LITORANEAS	NITERÓI	33055670	CE FERNANDO MAGALHAES
	BAIXADAS LITORANEAS	NITERÓI	33055696	CE GUILHERME BRIGGS
	BAIXADAS LITORANEAS	NITERÓI	33055700	CE HILARIO RIBEIRO
	BAIXADAS LITORANEAS	NITERÓI	33055726	CE JOAQUIM TAVORA
	BAIXADAS LITORANEAS	NITERÓI	33055734	CE MACHADO DE ASSIS
	BAIXADAS LITORANEAS	NITERÓI	33055742	CE MULLULO DA VEIGA
	BAIXADAS LITORANEAS	NITERÓI	33055750	CE PAULO ASSIS RIBEIRO
	BAIXADAS LITORANEAS	NITERÓI	33055769	CE RAUL VIDAL
	BAIXADAS LITORANEAS	NITERÓI	33055785	CE ZULEIKA RAPOSO VALLADARES
	BAIXADAS LITORANEAS	NITERÓI	33056340	EE BENJAMIN CONSTANT
	BAIXADAS LITORANEAS	NITERÓI	33056358	CE CONSELHEIRO JOSINO
	BAIXADAS LITORANEAS	NITERÓI	33056390	EE DOUTOR MEMORIA
	BAIXADAS LITORANEAS	NITERÓI	33056404	CE DUQUE DE CAXIAS
	BAIXADAS LITORANEAS	NITERÓI	33056420	EEEE ANNE SULLIVAN
	BAIXADAS LITORANEAS	NITERÓI	33056439	CE EMBAIXADOR RAUL FERNANDES
	BAIXADAS LITORANEAS	NITERÓI	33056471	CE JOSE BONIFACIO
	BAIXADAS LITORANEAS	NITERÓI	33056480	CE LEOPOLDO FROES
	BAIXADAS LITORANEAS	NITERÓI	33056498	CE MANUEL DE ABREU
	BAIXADAS LITORANEAS	NITERÓI	33056501	CE MARIA PEREIRA DAS NEVES
	BAIXADAS LITORANEAS	NITERÓI	33056510	EE MENEZES VIEIRA
	BAIXADAS LITORANEAS	NITERÓI	33056560	CE PINTO LIMA
	BAIXADAS LITORANEAS	NITERÓI	33056579	EEEE PROFESSOR ALVARO CAETANO DE OLIVEIRA
	BAIXADAS LITORANEAS	NITERÓI	33056595	EE SAO DOMINGOS SAVIO
	BAIXADAS LITORANEAS	NITERÓI	33057117	IE PROFESSOR ISMAEL COUTINHO
	BAIXADAS LITORANEAS	NITERÓI	33057508	LICEU NILO PECANHA
	BAIXADAS LITORANEAS	NITERÓI	33057702	CE PROFESSORA ALCINA RODRIGUES LIMA
	BAIXADAS LITORANEAS	NITERÓI	33057737	CE ALMIRANTE TAMANDARE
	BAIXADAS LITORANEAS	NITERÓI	33057745	CE DOUTOR SOUZA SOARES
	BAIXADAS LITORANEAS	NITERÓI	33096805	CIEP 449 GOVERNADOR LEONEL DE MOURA BRIZOLA BRASIL FRANCA
	BAIXADAS LITORANEAS	NITERÓI	33102490	CIEP 450 DI CAVALCANTI
	BAIXADAS LITORANEAS	NITERÓI	33102503	CE DAVID CAPISTRANO
	BAIXADAS LITORANEAS	NITERÓI	33102520	CIEP 307 DJANIRA
	BAIXADAS LITORANEAS	NITERÓI	33108579	CIEP 448 RUY FRAZAO SOARES
	BAIXADAS LITORANEAS	NITERÓI	33172919	CE MATEMATICO JOAQUIM GOMES DE SOUSA - INTER-CULTURAL BRASIL-CHINA
	BAIXADAS LITORANEAS	RIO BONITO	33044325	CE JOSE MATOSO MAIA FORTE
	BAIXADAS LITORANEAS	RIO BONITO	33044333	CE DESEMBARGADOR JOSE AUGUSTO COELHO ROCHA JUNIOR
	BAIXADAS LITORANEAS	RIO BONITO	33044368	CE ANTONIO LOPES DE CAMPOS FILHO
	BAIXADAS LITORANEAS	RIO BONITO	33044384	CE BARAO DO RIO BRANCO
	BAIXADAS LITORANEAS	RIO BONITO	33044406	CE DOUTOR ROBERTO PEREIRA DOS SANTOS
	BAIXADAS LITORANEAS	RIO BONITO	33044473	CE PROFESSOR DYRCEU RODRIGUES DA COSTA
	BAIXADAS LITORANEAS	RIO BONITO	33044708	CE BERNARDINO DA COSTA LOPES
	BAIXADAS LITORANEAS	SÃO PEDRO DA ALDEIA	33028087	CIEP 262 CURVELINA DIAS CURVELLO
	BAIXADAS LITORANEAS	SÃO PEDRO DA ALDEIA	33028095	CIEP 272 GABRIEL JOAQUIM DOS SANTOS
	BAIXADAS LITORANEAS	SÃO PEDRO DA ALDEIA	33028109	CIEP 146 PROFESSOR CORDELINO TEIXEIRA PAULO
	BAIXADAS LITORANEAS	SÃO PEDRO DA ALDEIA	33028125	CE ALMIRANTE TAMANDARE
	BAIXADAS LITORANEAS	SÃO PEDRO DA ALDEIA	33028133	CE DOUTOR FELICIANO SODRE
	BAIXADAS LITORANEAS	SÃO PEDRO DA ALDEIA	33028192	CE JOSE RASCAO
	BAIXADAS LITORANEAS	SÃO PEDRO DA ALDEIA	33028214	CE VITAL BRASIL
	BAIXADAS LITORANEAS	SÃO PEDRO DA ALDEIA	33028540	CE NOBU YAMAGATA
	BAIXADAS LITORANEAS	SAQUAREMA	33028702	CIEP 372 PAULO LEMINSKY
	BAIXADAS LITORANEAS	SAQUAREMA	33028729	CE OSCAR DE MACEDO SOARES
	BAIXADAS LITORANEAS	SAQUAREMA	33028958	CE OLIVEIRA VIANA
	BAIXADAS LITORANEAS	SAQUAREMA	33028974	CE RIO DE AREIA
	BAIXADAS LITORANEAS	SAQUAREMA	33029164	CE DUCLER LAUREANO MATOS
	BAIXADAS LITORANEAS	SAQUAREMA	33104204	CIEP 258 ASTROGILDO PEREIRA
	BAIXADAS LITORANEAS	SAQUAREMA	33558221	CE ISMENIA DE BARROS BARROSO
	CENTRO SUL	AREAL	33016836	CE MARIANO PROCOPIO
	CENTRO SUL	BARRA DO PIRAÍ	33034273	CIEP 287 ANGELINA TEIXEIRA NETTO SYIM
	CENTRO SUL	BARRA DO PIRAÍ	33034311	CE BARAO DO RIO BONITO
	CENTRO SUL	BARRA DO PIRAÍ	33034320	CE NILO PECANHA
	CENTRO SUL	BARRA DO PIRAÍ	33034443	CE DOUTOR ALVARO ROCHA
	CENTRO SUL	BARRA DO PIRAÍ	33034486	CE ISA FERNANDES
	CENTRO SUL	BARRA DO PIRAÍ	33034494	CE JOAQUIM DE MACEDO
	CENTRO SUL	BARRA DO PIRAÍ	33034508	CE SENADOR PAULO FERNANDES
	CENTRO SUL	BARRA DO PIRAÍ	33034516	EE PADRE ANTONIO PINTO
	CENTRO SUL	BARRA DO PIRAÍ	33034540	CE PROFESSOR JOSE ANTONIO MAIA VINAGRE
	CENTRO SUL	BARRA DO PIRAÍ	33034869	CE PROFESSOR ADELINO TERRA
	CENTRO SUL	BARRA DO PIRAÍ	33094420	CIEP 286 MURILO PORTUGAL
	CENTRO SUL	BARRA DO PIRAÍ	33098573	CIEP 310 PROFESSORA ALICE AIEX
	CENTRO SUL	COMENDADOR LEVY GASPARIAN	33017000	CE CORONEL ANTONIO PECANHA
	CENTRO SUL	ENGENHEIRO PAULO DE FRONTIN	33038023	CIEP 289 CECILIO BARBOSA DA PAIXAO
	CENTRO SUL	ENGENHEIRO PAULO DE FRONTIN	33038040	CE JOAO KOPKE
	CENTRO SUL	ENGENHEIRO PAULO DE FRONTIN	33038180	CE SACRA FAMILIA DO TINGUA
	CENTRO SUL	ITAGUAÍ	33044880	CIEP 498 IRMA DULCE
	CENTRO SUL	ITAGUAÍ	33044899	CIEP 048 DJALMA MARANHAO
	CENTRO SUL	ITAGUAÍ	33044929	CE CLODOMIRO VASCONCELOS
	CENTRO SUL	ITAGUAÍ	33044953	CE PROFESSOR NEY CIDADE PALMEIRO
	CENTRO SUL	ITAGUAÍ	33044961	CE PROFESSORA ELIANA DE ALMEIDA SANTOS
	CENTRO SUL	ITAGUAÍ	33045062	CE JOSE MARIA DE BRITO
	CENTRO SUL	ITAGUAÍ	33045070	CE PIRANEMA
	CENTRO SUL	ITAGUAÍ	33045089	CE SANDRA ROLDAN BARBOZA
	CENTRO SUL	ITAGUAÍ	33045291	CIEP 368 JOAO CONCEICAO CANUTO
	CENTRO SUL	ITAGUAÍ	33097135	CIEP 329 JUAN MARTINHO CARRASCO
	CENTRO SUL	ITAGUAÍ	33137846	CE MARIA IZABEL DO COUTO BRANDAO
	CENTRO SUL	MENDES	33038228	CE PROFESSOR ARAGAO GOMES
	CENTRO SUL	MENDES	33038260	CE DOUTOR JOAO NERY
	CENTRO SUL	MENDES	33038279	EE JAYME SICILIANO
	CENTRO SUL	MIGUEL PEREIRA	33038473	CE DOUTOR ANTONIO FERNANDES
	CENTRO SUL	MIGUEL PEREIRA	33038589	CE VERA CRUZ
	CENTRO SUL	MIGUEL PEREIRA	33038724	CE CARMEM DE LUCA ANDREIOLO
	CENTRO SUL	MIGUEL PEREIRA	33038791	CE ALVARO ALVIM
	CENTRO SUL	MIGUEL PEREIRA	33094098	CIEP 494 ALEXANDRE CARVALHO
	CENTRO SUL	PARACAMBI	33038872	CIEP 500 ANTONIO BOTELHO
	CENTRO SUL	PARACAMBI	33038880	CIEP 152 GARRINCHA ALEGRIA DO POVO
	CENTRO SUL	PARACAMBI	33038899	CIEP 385 PASTOR AUGUSTINHO VALERIO DE SOUZA
	CENTRO SUL	PARACAMBI	33038929	CE PRESIDENTE RODRIGUES ALVES
	CENTRO SUL	PARAÍBA DO SUL	33017093	CE MARIA ZULMIRA TORRES
	CENTRO SUL	PARAÍBA DO SUL	33017107	CE MONSENHOR FRANCISCO
	CENTRO SUL	PARAÍBA DO SUL	33017492	CE LIONS CLUBE DE PARAIBA DO SUL
	CENTRO SUL	PARAÍBA DO SUL	33017522	CE BEZERRA DE MENEZES
	CENTRO SUL	PARAÍBA DO SUL	33017646	CE BARAO DE PALMEIRAS
	CENTRO SUL	PATY DO ALFERES	33039186	CE EDMUNDO PERALTA BERNARDES
	CENTRO SUL	PATY DO ALFERES	33039216	CE LIDDY MIGNONE
	CENTRO SUL	PATY DO ALFERES	33039402	CE RIBEIRO DE AVELLAR
	CENTRO SUL	PATY DO ALFERES	33103771	CIEP 278  JOAQUIM OSORIO DUQUE ESTRADA
	CENTRO SUL	RIO DAS FLORES	33035059	CIEP 298 MANUEL DUARTE
	CENTRO SUL	RIO DAS FLORES	33035334	CE NEPHTALINA CARVALHO AVILA
	CENTRO SUL	SAPUCAIA	33017786	CE MAURICIO DE ABREU
	CENTRO SUL	SAPUCAIA	33017930	CE REPUBLICA DO LIBANO
	CENTRO SUL	SAPUCAIA	33018073	CE PAULINO FERNANDES
	CENTRO SUL	SAPUCAIA	33018197	CE MARIA APARECIDA BASTOS
	CENTRO SUL	SAPUCAIA	33097950	CIEP 285 LUIZ JOSE DAFLON GOMES
	CENTRO SUL	SEROPÉDICA	33045437	CIEP 155 MARIA JOAQUINA DE OLIVEIRA
	CENTRO SUL	SEROPÉDICA	33045445	CIEP 156 DOUTOR ALBERTO SABIN
	CENTRO SUL	SEROPÉDICA	33045470	CE BARAO DE TEFE
	CENTRO SUL	SEROPÉDICA	33045496	CE PRESIDENTE DUTRA
	CENTRO SUL	SEROPÉDICA	33045542	CE ALICE DE SOUZA BRUNO
	CENTRO SUL	SEROPÉDICA	33045550	CE ALVARINA DE CARVALHO JANOTTI
	CENTRO SUL	SEROPÉDICA	33045569	CE PROFESSOR ROBERTO LYRA
	CENTRO SUL	SEROPÉDICA	33045577	CE PROFESSOR WALDEMAR RAYTHE
	CENTRO SUL	SEROPÉDICA	33166382	CE BANANAL
	CENTRO SUL	TRÊS RIOS	33018286	CIEP 456 MARCO POLO
	CENTRO SUL	TRÊS RIOS	33018332	CE DOUTOR VALMIR PECANHA
	CENTRO SUL	TRÊS RIOS	33018340	CE MOACYR PADILHA
	CENTRO SUL	TRÊS RIOS	33018359	CE PROFESSOR KOPKE
	CENTRO SUL	TRÊS RIOS	33018367	CE ROBERTO COELHO PEDROSO
	CENTRO SUL	TRÊS RIOS	33018405	CE CONDESSA DO RIO NOVO
	CENTRO SUL	TRÊS RIOS	33018413	CE LUTHER KING
	CENTRO SUL	TRÊS RIOS	33018430	CE URBANO CARLOS DE ALMEIDA
	CENTRO SUL	TRÊS RIOS	33018650	IE PROFESSOR JOEL MONNERAT
	CENTRO SUL	VALENÇA	33035407	CIA MONSENHOR TOMAS TEJERINA DE PRADO
	CENTRO SUL	VALENÇA	33035458	CE JOSE FONSECA
	CENTRO SUL	VALENÇA	33035466	CE THEODORICO FONSECA
	CENTRO SUL	VALENÇA	33035628	CE ALMIRANTE RODRIGUES SILVA
	CENTRO SUL	VALENÇA	33035644	CE CORONEL BENJAMIN GUIMARAES
	CENTRO SUL	VALENÇA	33035652	CE DAURA SILVA BARBOSA
	CENTRO SUL	VALENÇA	33035679	CE DOUTOR OSWALDO TERRA
	CENTRO SUL	VALENÇA	33035962	CE PADRE SEBASTIAO DA SILVA PEREIRA
	CENTRO SUL	VALENÇA	33035970	IE DEPUTADO LUIZ PINTO
	CENTRO SUL	VALENÇA	33036004	CE BARAO DE JUPARANA
	CENTRO SUL	VALENÇA	33036071	CE ALFREDO GOMES
	CENTRO SUL	VALENÇA	33036209	CE ARNOR SILVESTRE VIEIRA
	CENTRO SUL	VALENÇA	33036519	CE DOUTOR GUILHERME MILWARD
	CENTRO SUL	VASSOURAS	33039569	CE MINISTRO RAUL FERNANDES
	CENTRO SUL	VASSOURAS	33039585	CE ANTONIO DE JESUS GOMES
	CENTRO SUL	VASSOURAS	33039593	CE CENTENARIO
	CENTRO SUL	VASSOURAS	33093601	CIEP 297 PADRE SALESIO SCHIMID
	CENTRO SUL	VASSOURAS	33097224	IE THIAGO COSTA
	MEDIO PARAÍBA	ANGRA DOS REIS	33036594	CE NAZIRA SALOMAO
	MEDIO PARAÍBA	ANGRA DOS REIS	33036632	CIEP 055 JOAO GREGORIO GALINDO
	MEDIO PARAÍBA	ANGRA DOS REIS	33036640	CE DOUTOR ARTUR VARGAS
	MEDIO PARAÍBA	ANGRA DOS REIS	33036691	CE CONDE PEREIRA CARNEIRO
	MEDIO PARAÍBA	ANGRA DOS REIS	33036713	CE HONORIO LIMA
	MEDIO PARAÍBA	ANGRA DOS REIS	33037027	CE ANTONIO DIAS LIMA
	MEDIO PARAÍBA	ANGRA DOS REIS	33037230	CE LEOPOLDO AMERICO M DE MELLO
	MEDIO PARAÍBA	ANGRA DOS REIS	33037337	CE ROBERTO MONTENEGRO
	MEDIO PARAÍBA	ANGRA DOS REIS	33098018	CIE GUARANI KARAI KUERY RENDA
	MEDIO PARAÍBA	ANGRA DOS REIS	33098077	CIEP 302 CHARLES DICKENS
	MEDIO PARAÍBA	ANGRA DOS REIS	33098085	CIEP 495 GUIGNARD
	MEDIO PARAÍBA	ANGRA DOS REIS	33125449	CE BRIGADEIRO NOBREGA
	MEDIO PARAÍBA	ANGRA DOS REIS	33135860	CE PEDRO SOARES
	MEDIO PARAÍBA	BARRA MANSA	33029342	CE BALDOMERO BARBARA
	MEDIO PARAÍBA	BARRA MANSA	33029369	CE BARAO DE AIURUOCA
	MEDIO PARAÍBA	BARRA MANSA	33029377	CE BOA VISTA
	MEDIO PARAÍBA	BARRA MANSA	33029385	CE COMENDADOR PEREIRA IGNACIO
	MEDIO PARAÍBA	BARRA MANSA	33029407	CE IRACEMA LEITE NADER
	MEDIO PARAÍBA	BARRA MANSA	33029660	CE JAYME SILVESTRE CAMARGO
	MEDIO PARAÍBA	BARRA MANSA	33029679	CE PROFESSOR LUIZ GONZAGA DE MATTOS
	MEDIO PARAÍBA	BARRA MANSA	33029717	CE SAO PEDRO
	MEDIO PARAÍBA	BARRA MANSA	33030170	CE VILA MARIA
	MEDIO PARAÍBA	BARRA MANSA	33030189	CE ROSELANDIA
	MEDIO PARAÍBA	BARRA MANSA	33030286	CE MARECHAL FLORIANO PEIXOTO
	MEDIO PARAÍBA	BARRA MANSA	33030359	CE NOSSA SENHORA DO AMPARO
	MEDIO PARAÍBA	BARRA MANSA	33096830	CIEP 486 PROFESSOR LUIZ VALLEJO
	MEDIO PARAÍBA	BARRA MANSA	33096856	CIEP 493 PROFESSORA ANTONIETA SALINAS DE CASTRO
	MEDIO PARAÍBA	BARRA MANSA	33096864	CIEP 485 PROFESSOR JOAO BATISTA DE BARROS
	MEDIO PARAÍBA	BARRA MANSA	33096880	CIEP 292 PROFESSORA JANDYRA REIS DE OLIVEIRA
	MEDIO PARAÍBA	ITATIAIA	33030456	CIEP 488 EZEQUIEL FREIRE
	MEDIO PARAÍBA	MANGARATIBA	33045844	CE JOAO PAULO II
	MEDIO PARAÍBA	MANGARATIBA	33046174	CE MONTEBELLO BONDIM
	MEDIO PARAÍBA	MANGARATIBA	33166412	CE CAETANO DE OLIVEIRA
	MEDIO PARAÍBA	PARATY	33037515	CIEP 999 DOM PEDRO DE ALCANTARA BRAGANCA I IMPERADOR DO BRASIL
	MEDIO PARAÍBA	PARATY	33037523	CE ENGENHEIRO MARIO MOURA BRASIL DO AMARAL
	MEDIO PARAÍBA	PARATY	33037965	CE ALMIRANTE ALVARO ALBERTO
	MEDIO PARAÍBA	PINHEIRAL	33030987	CIEP 291 DOM MARTINHO SCHLUDE
	MEDIO PARAÍBA	PINHEIRAL	33097941	CE CELIO BARBOSA ANCHITE
	MEDIO PARAÍBA	PIRAÍ	33030626	CE AFFONSINA MAZZILLO TEIXEIRA CAMPOS
	MEDIO PARAÍBA	PIRAÍ	33030901	CE OCTAVIO TEIXEIRA CAMPOS
	MEDIO PARAÍBA	PIRAÍ	33031142	CE CORONEL CAMISAO
	MEDIO PARAÍBA	PORTO REAL	33032130	CE REPUBLICA ITALIANA
	MEDIO PARAÍBA	QUATIS	33031185	CE AMERICO PIMENTA
	MEDIO PARAÍBA	RESENDE	33031380	CE ANTONINA RAMOS FREIRE
	MEDIO PARAÍBA	RESENDE	33031401	CE PEDRO BRAILE NETO
	MEDIO PARAÍBA	RESENDE	33031428	CE MARECHAL SOUZA DANTAS
	MEDIO PARAÍBA	RESENDE	33031479	CE DOUTOR JOAO MAIA
	MEDIO PARAÍBA	RESENDE	33031509	CE OLIVEIRA BOTELHO
	MEDIO PARAÍBA	RESENDE	33031711	CE ANIBAL BENEVOLO
	MEDIO PARAÍBA	RESENDE	33031720	CE OLAVO BILAC
	MEDIO PARAÍBA	RESENDE	33031738	CE PROFESSOR JOSE MEDEIROS DE CAMARGO
	MEDIO PARAÍBA	RESENDE	33031762	EE PROFESSOR OSWALDO DA ROCHA CAMOES
	MEDIO PARAÍBA	RESENDE	33031843	CE ENGENHEIRO PASSOS
	MEDIO PARAÍBA	RESENDE	33097798	CIEP 347 DOUTOR JORGE MIGUEL JAYME
	MEDIO PARAÍBA	RESENDE	33115001	CE ANTONIO QUIRINO
	MEDIO PARAÍBA	RIO CLARO	33032220	CE FAGUNDES VARELA
	MEDIO PARAÍBA	RIO CLARO	33032360	CIEP 296 PRESIDENTE BENES
	MEDIO PARAÍBA	RIO CLARO	33032459	CE ALFREDO PUJOL
	MEDIO PARAÍBA	VOLTA REDONDA	33032718	CIEP 299 JIULIO CARUSO
	MEDIO PARAÍBA	VOLTA REDONDA	33032734	CIEP 053 DOUTOR NELSON DOS SANTOS GONCALVES
	MEDIO PARAÍBA	VOLTA REDONDA	33032742	CIEP 295 PROFESSORA GLORIA ROUSSIN GUEDES PINTO
	MEDIO PARAÍBA	VOLTA REDONDA	33032793	CE BARAO DE MAUA
	MEDIO PARAÍBA	VOLTA REDONDA	33032807	CE PIAUI
	MEDIO PARAÍBA	VOLTA REDONDA	33032815	CE PREFEITO FRANCISCO FONTES TORRES
	MEDIO PARAÍBA	VOLTA REDONDA	33032823	CE RIO DE JANEIRO
	MEDIO PARAÍBA	VOLTA REDONDA	33032939	CE SANTOS DUMONT
	MEDIO PARAÍBA	VOLTA REDONDA	33032998	CE ACACIA AMARELA
	MEDIO PARAÍBA	VOLTA REDONDA	33033005	CE ACRE
	MEDIO PARAÍBA	VOLTA REDONDA	33033030	CE BRASILIA
	MEDIO PARAÍBA	VOLTA REDONDA	33033056	CE GUANABARA
	MEDIO PARAÍBA	VOLTA REDONDA	33033064	CE MARANHAO
	MEDIO PARAÍBA	VOLTA REDONDA	33033072	EE MINAS GERAIS
	MEDIO PARAÍBA	VOLTA REDONDA	33033099	CE NITEROI
	MEDIO PARAÍBA	VOLTA REDONDA	33033102	CE PAU DALHO
	MEDIO PARAÍBA	VOLTA REDONDA	33033110	CE PEDRO RAYMUNDO DE MAGALHAES
	MEDIO PARAÍBA	VOLTA REDONDA	33033129	CE PRESIDENTE ROOSEVELT
	MEDIO PARAÍBA	VOLTA REDONDA	33033145	CE RIO GRANDE DO NORTE
	MEDIO PARAÍBA	VOLTA REDONDA	33033170	CE RIO GRANDE DO SUL
	MEDIO PARAÍBA	VOLTA REDONDA	33033188	CE RONDONIA
	MEDIO PARAÍBA	VOLTA REDONDA	33033196	EE ROTARY
	MEDIO PARAÍBA	VOLTA REDONDA	33033200	CE SAO PAULO
	MEDIO PARAÍBA	VOLTA REDONDA	33033978	CIEP 484 TONINHO MARQUES
	MEDIO PARAÍBA	VOLTA REDONDA	33033994	IE PROFESSOR MANUEL MARINHO
	MEDIO PARAÍBA	VOLTA REDONDA	33103097	CIEP 403 MARIA DE LURDES GIOVANETTI
	MEDIO PARAÍBA	VOLTA REDONDA	33117675	CIESP DIOGO LEVENHAGEN
	MEDIO PARAÍBA	VOLTA REDONDA	33156883	CE GECY VIEIRA GONCALVES
	MEDIO PARAÍBA	VOLTA REDONDA	33156999	CIEP 293 WALMIR DE FREITAS MONTEIRO
	METROPOLITANA I	JAPERI	33052433	CE ARMANDO DIAS
	METROPOLITANA I	JAPERI	33052441	CE JOAO SANTOS SOUTO
	METROPOLITANA I	JAPERI	33052492	CE ALMIRANTE TAMANDARE
	METROPOLITANA I	JAPERI	33052514	CE BARAO DO RIO BRANCO
	METROPOLITANA I	JAPERI	33052530	CE ENGENHEIRO PEDREIRA
	METROPOLITANA I	JAPERI	33100080	CIEP 207 GILSON AMADO
	METROPOLITANA I	JAPERI	33100209	CIEP 401 LUCIMAR DE SOUZA SANTOS
	METROPOLITANA I	JAPERI	33100217	CIEP 402 APARICIO TORELLI
	METROPOLITANA I	JAPERI	33101671	CIEP 206 PROFESSORA CYRENE MORAES COSTA
	METROPOLITANA I	NOVA IGUAÇU	33046549	CIEP 351 MINISTRO SALGADO FILHO
	METROPOLITANA I	NOVA IGUAÇU	33058180	CIEP 119 AUSTIN
	METROPOLITANA I	NOVA IGUAÇU	33058199	CIEP 167 JARDIM PARAISO
	METROPOLITANA I	NOVA IGUAÇU	33058202	CIEP 200 RECANTO DOS COLIBRIS
	METROPOLITANA I	NOVA IGUAÇU	33058210	CIEP 216 PREFEITO JUAREZ ANTUNES
	METROPOLITANA I	NOVA IGUAÇU	33058237	CIEP 324 MAHATMA GANDHI
	METROPOLITANA I	NOVA IGUAÇU	33058245	CIEP 334 MOACIR JOSE PEREIRA GERK
	METROPOLITANA I	NOVA IGUAÇU	33058261	CIEP 356 AUGUSTO RUSCHI
	METROPOLITANA I	NOVA IGUAÇU	33058270	CIEP 359 CHARLES PERRAULT
	METROPOLITANA I	NOVA IGUAÇU	33058288	CIEP 365 ASA BRANCA
	METROPOLITANA I	NOVA IGUAÇU	33058296	CIEP 387 HANS CRISTIAN ANDERSEN
	METROPOLITANA I	NOVA IGUAÇU	33058300	CIEP 390 CHAO DE ESTRELAS
	METROPOLITANA I	NOVA IGUAÇU	33058318	CIEP 394 CANDIDO AUGUSTO RIBEIRO NETO
	METROPOLITANA I	NOVA IGUAÇU	33058326	CIEP 075 JARDIM CABUCU
	METROPOLITANA I	NOVA IGUAÇU	33058334	CIEP 166 ABILIO AUGUSTO TAVORA
	METROPOLITANA I	NOVA IGUAÇU	33058342	CIEP 317 AURELIO BUARQUE DE HOLANDA
	METROPOLITANA I	NOVA IGUAÇU	33058350	CIEP 187 BENEDITO LARANJEIRAS
	METROPOLITANA I	NOVA IGUAÇU	33058377	CIEP 117 CARLOS DRUMMOND DE ANDRADE BRASIL ESTADOS UNIDOS
	METROPOLITANA I	NOVA IGUAÇU	33058393	CIEP 025 GETULIO SALES RODRIGUES
	METROPOLITANA I	NOVA IGUAÇU	33058407	CIEP 395 LUIZ HENRIQUE REZENDE NOVAES
	METROPOLITANA I	NOVA IGUAÇU	33058415	CIEP 188 MARIANO FLOR CAVALCANTE
	METROPOLITANA I	NOVA IGUAÇU	33058440	CIEP 113 PROFESSOR WALDICK PEREIRA
	METROPOLITANA I	NOVA IGUAÇU	33058458	CIEP 196 SAO TEODORO
	METROPOLITANA I	NOVA IGUAÇU	33058466	CIEP 026 SAO VICENTE DE PAULA
	METROPOLITANA I	NOVA IGUAÇU	33058474	CIEP 134 VEREADOR JOSE LOPES DE ARAUJO
	METROPOLITANA I	NOVA IGUAÇU	33058571	CE ANTONIO DA SILVA
	METROPOLITANA I	NOVA IGUAÇU	33058580	CE ARRUDA NEGREIROS
	METROPOLITANA I	NOVA IGUAÇU	33058601	CE CALIFORNIA
	METROPOLITANA I	NOVA IGUAÇU	33058610	CE DOM WALMOR
	METROPOLITANA I	NOVA IGUAÇU	33058636	CE ENGENHEIRO AREA LEAO
	METROPOLITANA I	NOVA IGUAÇU	33058652	CE FRANCISCO ASSUMPCAO
	METROPOLITANA I	NOVA IGUAÇU	33058679	CE JARDIM ALVORADA
	METROPOLITANA I	NOVA IGUAÇU	33058687	CE JOSE BONIFACIO
	METROPOLITANA I	NOVA IGUAÇU	33058695	CE MILTON CAMPOS
	METROPOLITANA I	NOVA IGUAÇU	33058709	CE ABDIAS NASCIMENTO
	METROPOLITANA I	NOVA IGUAÇU	33058733	CE PROFESSORA EVANGELINA SOARES DE MOURA
	METROPOLITANA I	NOVA IGUAÇU	33058741	CE PROFESSORA MARIA JOSE RAUNHEITTI DUCCINI
	METROPOLITANA I	NOVA IGUAÇU	33058750	CE SAO JUDAS TADEU
	METROPOLITANA I	NOVA IGUAÇU	33058768	CE SARGENTO ANTONIO ERNESTO
	METROPOLITANA I	NOVA IGUAÇU	33058776	CE VICENTINA GOULART
	METROPOLITANA I	NOVA IGUAÇU	33058946	CE COMENDADOR SOARES
	METROPOLITANA I	NOVA IGUAÇU	33059152	CE ALFREDO NEVES
	METROPOLITANA I	NOVA IGUAÇU	33059209	CE BERNARDINO MELO JUNIOR
	METROPOLITANA I	NOVA IGUAÇU	33059225	CE CAPITAO JOAQUIM QUARESMA DE OLIVEIRA
	METROPOLITANA I	NOVA IGUAÇU	33059241	CE DOUTOR MARIO GUIMARAES
	METROPOLITANA I	NOVA IGUAÇU	33059284	CE LEOPOLDO MACHADO
	METROPOLITANA I	NOVA IGUAÇU	33059306	EE MACHADO DE ASSIS
	METROPOLITANA I	NOVA IGUAÇU	33059322	CE MARIA JUSTINIANO FERNANDES
	METROPOLITANA I	NOVA IGUAÇU	33059330	EE MESTRE HIRAM
	METROPOLITANA I	NOVA IGUAÇU	33059357	EE MONSENHOR JOAO MUSH
	METROPOLITANA I	NOVA IGUAÇU	33059373	CE NATIVIDADE PATRICIO ANTUNES
	METROPOLITANA I	NOVA IGUAÇU	33059381	CE PROFESSOR AMAZOR VIEIRA BORGES
	METROPOLITANA I	NOVA IGUAÇU	33059403	CE PROFESSORA VENINA CORREA TORRES
	METROPOLITANA I	NOVA IGUAÇU	33059411	EE JOAO DO VALE
	METROPOLITANA I	NOVA IGUAÇU	33059446	CE SAO JORGE
	METROPOLITANA I	NOVA IGUAÇU	33059454	CE SANTO ANTONIO DE PADUA
	METROPOLITANA I	NOVA IGUAÇU	33059462	CE VEREADOR PERCY BATISTA CRISPIN
	METROPOLITANA I	NOVA IGUAÇU	33059470	CE YONNE MARIA SIQUEIRA DE ANDRADE
	METROPOLITANA I	NOVA IGUAÇU	33060177	CIEP 358 ALBERTO PASQUALINI
	METROPOLITANA I	NOVA IGUAÇU	33060185	CIEP 383 MAXIMO GORKI
	METROPOLITANA I	NOVA IGUAÇU	33060193	CIEP 354 MARTINS PENA
	METROPOLITANA I	NOVA IGUAÇU	33060274	IE RANGEL PESTANA
	METROPOLITANA I	NOVA IGUAÇU	33060711	CIEP 352 SENADOR SEVERO GOMES
	METROPOLITANA I	NOVA IGUAÇU	33060720	CIEP 021 GENERAL OSORIO
	METROPOLITANA I	NOVA IGUAÇU	33060738	CE MARECHAL JUAREZ TAVORA
	METROPOLITANA I	NOVA IGUAÇU	33060746	CE SANTA RITA DE CASSIA
	METROPOLITANA I	NOVA IGUAÇU	33060797	CE AMBAI
	METROPOLITANA I	NOVA IGUAÇU	33060800	CE BARAO DE TINGUA
	METROPOLITANA I	NOVA IGUAÇU	33060819	CE DOS LIRIOS
	METROPOLITANA I	NOVA IGUAÇU	33060827	CE FIGUEIRA
	METROPOLITANA I	NOVA IGUAÇU	33060835	CE JARDIM MARILICE
	METROPOLITANA I	NOVA IGUAÇU	33060843	CE MARIA EMILIA AMARAL FONTOURA
	METROPOLITANA I	NOVA IGUAÇU	33060860	EE NILO PECANHA
	METROPOLITANA I	NOVA IGUAÇU	33060878	CE PROFESSORA MARINA BENTO
	METROPOLITANA I	NOVA IGUAÇU	33061769	CE SAO FRANCISCO DE PAULA
	METROPOLITANA I	NOVA IGUAÇU	33061890	EE HUMBERTO DE CAMPOS
	METROPOLITANA I	NOVA IGUAÇU	33097020	CIEP 172 NELSON RODRIGUES
	METROPOLITANA I	NOVA IGUAÇU	33097275	CIEP 333 CACILDA BECKER
	METROPOLITANA I	NOVA IGUAÇU	33098123	CIEP 345 Y-JUCA PIRAMA
	METROPOLITANA I	NOVA IGUAÇU	33100322	CIEP 168 HILDA SILVEIRA RODRIGUES
	METROPOLITANA I	NOVA IGUAÇU	33100330	CIEP 360 PROFESSORA IARA SIMAO VIEIRA
	METROPOLITANA I	NOVA IGUAÇU	33117764	CE PROFESSORA MARIA HELENA AMARAL ALARCAO
	METROPOLITANA I	NOVA IGUAÇU	33142270	CE DOM ADRIANO HIPOLITO
	METROPOLITANA I	QUEIMADOS	33061742	CE PREFEITO LUIZ GUIMARAES
	METROPOLITANA I	QUEIMADOS	33061750	CE SAO CRISTOVAO
	METROPOLITANA I	QUEIMADOS	33061866	CE DOM JOAO VI
	METROPOLITANA I	QUEIMADOS	33061874	CE DOM BOSCO
	METROPOLITANA I	QUEIMADOS	33061912	CE JOSE DE ANCHIETA
	METROPOLITANA I	QUEIMADOS	33061920	CE RAYMUNDO CORREA
	METROPOLITANA I	QUEIMADOS	33061939	CE SAO JOAO
	METROPOLITANA I	QUEIMADOS	33096740	CIEP 341 SEBASTIAO PEREIRA PORTES
	METROPOLITANA I	QUEIMADOS	33097062	CIEP 355 ROQUETE PINTO
	METROPOLITANA I	QUEIMADOS	33097151	CIEP 396 LUIZ PEIXOTO
	METROPOLITANA I	QUEIMADOS	33097607	CIEP 344 ADONIRAN BARBOSA
	METROPOLITANA I	QUEIMADOS	33099898	CIEP 346 BELARMINO ALFREDO DOS SANTOS
	METROPOLITANA I	QUEIMADOS	33099901	CIEP 335 PROFESSOR JOAQUIM DE FREITAS
	METROPOLITANA II 	SÃO GONÇALO	33088861	CIEP 237 JORNALISTA WLADIMIR HERZOG
	METROPOLITANA II 	SÃO GONÇALO	33088870	CIEP 430 CARLOS MARIGHELLA
	METROPOLITANA II 	SÃO GONÇALO	33088896	CIEP 306 DEPUTADO DAVID QUINDERE
	METROPOLITANA II 	SÃO GONÇALO	33088900	CIEP 249 PASTOR WALDEMAR ZARRO
	METROPOLITANA II 	SÃO GONÇALO	33088926	CIEP 240 PROFESSOR HAROLDO TEIXEIRA VALLADAO
	METROPOLITANA II 	SÃO GONÇALO	33088942	CIEP 248 PROFESSOR TULIO RODRIGUES PERLINGEIRO
	METROPOLITANA II 	SÃO GONÇALO	33088950	CIEP 052 PROFESSORA ROMANDA GOUVEIA GONCALVES
	METROPOLITANA II 	SÃO GONÇALO	33088969	CIEP 041 VITAL BRAZIL
	METROPOLITANA II 	SÃO GONÇALO	33089043	CE ARMANDO GONCALVES
	METROPOLITANA II 	SÃO GONÇALO	33089051	CE DOUTOR ADINO XAVIER
	METROPOLITANA II 	SÃO GONÇALO	33089060	CE ISMAEL BRANCO
	METROPOLITANA II 	SÃO GONÇALO	33089086	CE MINISTRO JOSE DE MOURA E SILVA
	METROPOLITANA II 	SÃO GONÇALO	33089094	CE NILO PECANHA
	METROPOLITANA II 	SÃO GONÇALO	33089108	CE PANDIA CALOGERAS
	METROPOLITANA II 	SÃO GONÇALO	33089124	CE PADRE MANUEL DA NOBREGA
	METROPOLITANA II 	SÃO GONÇALO	33089337	EE CAPITAO BELARMINO DE MATTOS
	METROPOLITANA II 	SÃO GONÇALO	33089370	EE CRUZEIRO DO SUL
	METROPOLITANA II 	SÃO GONÇALO	33089388	CE FREDERICO AZEVEDO
	METROPOLITANA II 	SÃO GONÇALO	33089396	CE LAURO CORREA
	METROPOLITANA II 	SÃO GONÇALO	33089426	CE MONSENHOR BARENCO COELHO
	METROPOLITANA II 	SÃO GONÇALO	33089469	CE PROFESSORA ANTONIETA PALMEIRA
	METROPOLITANA II 	SÃO GONÇALO	33089841	IE CLELIA NANCI
	METROPOLITANA II 	SÃO GONÇALO	33090149	CIEP 122 PROFESSOR ERMEZINDA DIONIZIO NECCO
	METROPOLITANA II 	SÃO GONÇALO	33090157	CIEP 126 ALMEDORINA AZEREDO
	METROPOLITANA II 	SÃO GONÇALO	33090165	CIEP 440 MAJOR JOAQUIM DE AZEVEDO COUTINHO
	METROPOLITANA II 	SÃO GONÇALO	33090173	CIEP 410 PATRICIA GALVAO PAGU
	METROPOLITANA II 	SÃO GONÇALO	33090246	CE DORVAL FERREIRA DA CUNHA
	METROPOLITANA II 	SÃO GONÇALO	33090270	CE AMANDA VELASCO
	METROPOLITANA II 	SÃO GONÇALO	33090300	CE AUGUSTO CEZARIO DIAZ ANDRE
	METROPOLITANA II 	SÃO GONÇALO	33090327	CE DESEMBARGADOR FERREIRA PINTO
	METROPOLITANA II 	SÃO GONÇALO	33090343	CE DOUTOR HUMBERTO SOEIRO DE CARVALHO
	METROPOLITANA II 	SÃO GONÇALO	33090351	CE DOUTOR RODOLPHO SIQUEIRA
	METROPOLITANA II 	SÃO GONÇALO	33090378	CE ELIZA MARIA DUTRA
	METROPOLITANA II 	SÃO GONÇALO	33090394	EE FREDERICO OZANAM
	METROPOLITANA II 	SÃO GONÇALO	33090424	CE PROFESSORA ADELIA MARTINS
	METROPOLITANA II 	SÃO GONÇALO	33090432	CE PROFESSORA DALILA DE OLIVEIRA COSTA
	METROPOLITANA II 	SÃO GONÇALO	33090440	CE PROFESSOR FRANCISCO DE PAULA ACHILLES
	METROPOLITANA II 	SÃO GONÇALO	33090459	CE PROFESSORA ODYSSEA SILVEIRA DE SIQUEIRA
	METROPOLITANA II 	SÃO GONÇALO	33090475	CE VITAL BRASIL
	METROPOLITANA II 	SÃO GONÇALO	33090653	CIEP 121 PROFESSOR JOADELIO CODECO
	METROPOLITANA II 	SÃO GONÇALO	33090670	CIEP 050 PABLO NERUDA
	METROPOLITANA II 	SÃO GONÇALO	33090688	CIEP 239 PROFESSORA ELZA VIANNA FIALHO
	METROPOLITANA II 	SÃO GONÇALO	33090726	CE TRASILBO FILGUEIRAS
	METROPOLITANA II 	SÃO GONÇALO	33090815	CE ALECRIM
	METROPOLITANA II 	SÃO GONÇALO	33090823	CE CORONEL SERRADO
	METROPOLITANA II 	SÃO GONÇALO	33090831	CE DOM ANTONIO DE ALMEIDA MORAES JUNIOR
	METROPOLITANA II 	SÃO GONÇALO	33090840	CE DOUTOR ARMANDO SA COUTO
	METROPOLITANA II 	SÃO GONÇALO	33090874	EE LEONOR FRANCO MOREIRA
	METROPOLITANA II 	SÃO GONÇALO	33090882	CE MAUA
	METROPOLITANA II 	SÃO GONÇALO	33090890	EE PROFESSORA ABIGAIL CARDOSO
	METROPOLITANA II 	SÃO GONÇALO	33090904	CE VILA GUARANI
	METROPOLITANA II 	SÃO GONÇALO	33091099	CIEP 425 PROFESSORA MARLUCY SALLES DE ALMEIDA
	METROPOLITANA II 	SÃO GONÇALO	33091196	CE SANTOS DIAS
	METROPOLITANA II 	SÃO GONÇALO	33091200	CE WALTER ORLANDINI
	METROPOLITANA II 	SÃO GONÇALO	33091340	CE CAPITAO OSWALDO ORNELLAS
	METROPOLITANA II 	SÃO GONÇALO	33091382	CE CORONEL FRANCISCO LIMA
	METROPOLITANA II 	SÃO GONÇALO	33091390	CE CORONEL JOAO TARCISIO BUENO
	METROPOLITANA II 	SÃO GONÇALO	33091447	CE MELCHIADES PICANCO
	METROPOLITANA II 	SÃO GONÇALO	33091757	CIEP 246 PROFESSORA ADALGISA CABRAL DE FARIA
	METROPOLITANA II 	SÃO GONÇALO	33091765	CE PAULINO PINHEIRO BAPTISTA
	METROPOLITANA II 	SÃO GONÇALO	33091854	EE CONEGO GOULART
	METROPOLITANA II 	SÃO GONÇALO	33091900	CE PROFESSORA LUIZA HONORIA DO PRADO
	METROPOLITANA II 	SÃO GONÇALO	33096970	CIEP 309 ZUZU ANGEL
	METROPOLITANA II 	SÃO GONÇALO	33096988	CIEP 412 DOUTOR ZERBINI
	METROPOLITANA II 	SÃO GONÇALO	33103879	CIEP 413 ADAO PEREIRA NUNES
	METROPOLITANA II 	SÃO GONÇALO	33103887	CIEP 408 SERGIO CARDOSO
	METROPOLITANA II 	SÃO GONÇALO	33103909	CIEP 238 DOUTOR ILTON FARIA DA COSTA
	METROPOLITANA II 	SÃO GONÇALO	33103917	CIEP 423 MORA GUIMARAES
	METROPOLITANA II 	SÃO GONÇALO	33103925	CIEP 421 DEPUTADA CRISTINA TAVARES
	METROPOLITANA II 	SÃO GONÇALO	33103941	CIEP 422 NICANOR FERREIRA NUNES
	METROPOLITANA II 	SÃO GONÇALO	33103968	CIEP 439 LUIZ GONZAGA JUNIOR - GONZAGUINHA
	METROPOLITANA II 	SÃO GONÇALO	33104182	CIEP 409 ALAIDE DE FIGUEREDO SANTOS
	METROPOLITANA II 	SÃO GONÇALO	33114366	CE MARIO TAMBORINDEGUY
	METROPOLITANA II 	SÃO GONÇALO	33507210	CE COMENDADOR VALENTIM DOS SANTOS DINIZ
	METROPOLITANA II 	SÃO GONÇALO	33518238	CIEP 513 GEORGE SAVALLA GOMES - PALHACO CAREQUINHA
	METROPOLITANA III	RIO DE JANEIRO	33062277	CE CUBA
	METROPOLITANA III	RIO DE JANEIRO	33068844	CE BAHIA
	METROPOLITANA III	RIO DE JANEIRO	33068852	CE PROFESSOR CLOVIS MONTEIRO
	METROPOLITANA III	RIO DE JANEIRO	33069026	CE RUY BARBOSA
	METROPOLITANA III	RIO DE JANEIRO	33069034	CE TENENTE GENERAL NAPION
	METROPOLITANA III	RIO DE JANEIRO	33069921	CE GOMES FREIRE DE ANDRADE
	METROPOLITANA III	RIO DE JANEIRO	33069930	CE HEITOR LIRA
	METROPOLITANA III	RIO DE JANEIRO	33069948	CE JOSE MARTI
	METROPOLITANA III	RIO DE JANEIRO	33069956	CE REPUBLICA DE ANGOLA
	METROPOLITANA III	RIO DE JANEIRO	33069964	CE REPUBLICA DE GUINE BISSAU
	METROPOLITANA III	RIO DE JANEIRO	33070148	CE BRANT HORTA
	METROPOLITANA III	RIO DE JANEIRO	33070156	CE CHILE
	METROPOLITANA III	RIO DE JANEIRO	33070164	CE CONDE DE AGROLONGO
	METROPOLITANA III	RIO DE JANEIRO	33070172	CE EMBAIXADOR BARROS HURTADO
	METROPOLITANA III	RIO DE JANEIRO	33070199	CE JOAO MARQUES DOS REIS
	METROPOLITANA III	RIO DE JANEIRO	33070326	CE TERESA CRISTINA
	METROPOLITANA III	RIO DE JANEIRO	33071535	CE AGRIPINO GRIECO
	METROPOLITANA III	RIO DE JANEIRO	33071543	CE BOLIVAR
	METROPOLITANA III	RIO DE JANEIRO	33071551	CE CENTRAL DO BRASIL
	METROPOLITANA III	RIO DE JANEIRO	33071578	CE FRANCISCO JOBIM
	METROPOLITANA III	RIO DE JANEIRO	33071586	CE MARANHAO
	METROPOLITANA III	RIO DE JANEIRO	33071594	CE OLINTO DA GAMA BOTELHO
	METROPOLITANA III	RIO DE JANEIRO	33071616	CE REPUBLICA DO PERU
	METROPOLITANA III	RIO DE JANEIRO	33071969	CE VISCONDE DE CAIRU
	METROPOLITANA III	RIO DE JANEIRO	33072078	CE BARAO DE MACAUBAS
	METROPOLITANA III	RIO DE JANEIRO	33072094	CE JOAO KOPKE
	METROPOLITANA III	RIO DE JANEIRO	33072183	CE JOSE EDUARDO DE MACEDO SOARES
	METROPOLITANA III	RIO DE JANEIRO	33072205	CE LAURO SODRE
	METROPOLITANA III	RIO DE JANEIRO	33072248	CE HISPANO BRASILEIRO JOAO CABRAL DE MELO NETO
	METROPOLITANA III	RIO DE JANEIRO	33072280	CE PERNAMBUCO
	METROPOLITANA III	RIO DE JANEIRO	33072370	CE VIRGILIO DE MELO FRANCO
	METROPOLITANA III	RIO DE JANEIRO	33073368	CE PASTOR MIRANDA PINTO
	METROPOLITANA III	RIO DE JANEIRO	33074038	CE ITALIA
	METROPOLITANA III	RIO DE JANEIRO	33074046	CE JOSUE DE CASTRO
	METROPOLITANA III	RIO DE JANEIRO	33074054	CE NUN ALVARES PEREIRA
	METROPOLITANA III	RIO DE JANEIRO	33074151	CE MATO GROSSO
	METROPOLITANA III	RIO DE JANEIRO	33074160	CE ADLAI STEVENSON
	METROPOLITANA III	RIO DE JANEIRO	33074232	CE OLIMPIA DO COUTO
	METROPOLITANA III	RIO DE JANEIRO	33074267	CE RODRIGO OTAVIO FILHO
	METROPOLITANA III	RIO DE JANEIRO	33074798	CE AMAPA
	METROPOLITANA III	RIO DE JANEIRO	33075166	IE CARMELA DUTRA
	METROPOLITANA III	RIO DE JANEIRO	33075174	CE CHARLES CHAPLIN
	METROPOLITANA III	RIO DE JANEIRO	33075182	CE CIDADE DE LISBOA
	METROPOLITANA III	RIO DE JANEIRO	33075190	CE LUIS DE CAMOES
	METROPOLITANA III	RIO DE JANEIRO	33075204	CE MARQUES REBELO
	METROPOLITANA III	RIO DE JANEIRO	33075212	CE PROFESSOR JOSE ACCIOLI
	METROPOLITANA III	RIO DE JANEIRO	33075220	CE PROFESSOR SOUSA DA SILVEIRA
	METROPOLITANA III	RIO DE JANEIRO	33075689	CE CARDEAL ARCOVERDE
	METROPOLITANA III	RIO DE JANEIRO	33075719	CE CONDE AFONSO CELSO
	METROPOLITANA III	RIO DE JANEIRO	33075760	CE FRANCISCO PALHETA
	METROPOLITANA III	RIO DE JANEIRO	33075816	CE OLEGARIO MARIANO
	METROPOLITANA III	RIO DE JANEIRO	33075832	CE PARANA
	METROPOLITANA III	RIO DE JANEIRO	33075867	CE SANTOS DUMONT
	METROPOLITANA III	RIO DE JANEIRO	33075875	CE SENADOR FRANCISCO GALLOTTI
	METROPOLITANA III	RIO DE JANEIRO	33075891	CE WALDEMIRO POTSCH
	METROPOLITANA III	RIO DE JANEIRO	33085463	CE ANITA GARIBALDI
	METROPOLITANA III	RIO DE JANEIRO	33085480	CE LEONEL AZEVEDO
	METROPOLITANA III	RIO DE JANEIRO	33085498	CE PREFEITO MENDES DE MORAES
	METROPOLITANA III	RIO DE JANEIRO	33085765	CE DUNSHEE DE ABRANCHES
	METROPOLITANA III	RIO DE JANEIRO	33085811	CE PROFESSORA MATILDE DE JESUS QUADRADO
	METROPOLITANA III	RIO DE JANEIRO	33085838	CE ROTARY
	METROPOLITANA III	RIO DE JANEIRO	33086540	CE ACARI
	METROPOLITANA III	RIO DE JANEIRO	33086583	CE MARECHAL JOAO BAPTISTA DE MATTOS
	METROPOLITANA III	RIO DE JANEIRO	33086613	CE REPUBLICA DE CABO VERDE
	METROPOLITANA III	RIO DE JANEIRO	33088160	CE GENERAL OSORIO
	METROPOLITANA III	RIO DE JANEIRO	33095078	CE BERNARDO DE VASCONCELOS
	METROPOLITANA III	RIO DE JANEIRO	33096759	CIEP 173 RAINHA NZINGA ANGOLA
	METROPOLITANA III	RIO DE JANEIRO	33097038	CIEP 326 PROFESSOR CESAR PERNETTA
	METROPOLITANA III	RIO DE JANEIRO	33110646	CIEP 323 MARIA WERNECK DE CASTRO
	METROPOLITANA III	RIO DE JANEIRO	33110654	CIEP 092 FREDERICO FELLINI
	METROPOLITANA III	RIO DE JANEIRO	33117950	CE PROFESSOR AUGUSTO MOTTA
	METROPOLITANA III	RIO DE JANEIRO	33120692	CAIC THEOPHILO DE SOUZA PINTO
	METROPOLITANA III	RIO DE JANEIRO	33124922	CE OLAVO JOSINO DE SALLES
	METROPOLITANA III	RIO DE JANEIRO	33125317	CE PROFESSORA LUIZA MARINHO
	METROPOLITANA III	RIO DE JANEIRO	33125740	CE PAULO FREIRE
	METROPOLITANA III	RIO DE JANEIRO	33126160	CE OLGA BENARIO PRESTES
	METROPOLITANA III	RIO DE JANEIRO	33126259	CE ROSA LUXEMBURGO
	METROPOLITANA III	RIO DE JANEIRO	33126267	CE PROFESSOR HORACIO MACEDO
	METROPOLITANA III	RIO DE JANEIRO	33126852	CE PROFESSORA MARIA NAZARETH CAVALCANTI SILVA
	METROPOLITANA III	RIO DE JANEIRO	33127395	CE MINISTRO OROZIMBO NONATO
	METROPOLITANA III	RIO DE JANEIRO	33128235	CIEP 339 MARIO TAMBORINDEGUY
	METROPOLITANA III	RIO DE JANEIRO	33132879	CE DOM HELDER CAMARA
	METROPOLITANA III	RIO DE JANEIRO	33132887	CE COMPOSITOR MANACEIA JOSE DE ANDRADE
	METROPOLITANA III	RIO DE JANEIRO	33135193	CE PROFESSOR JOSE DE SOUZA MARQUES
	METROPOLITANA III	RIO DE JANEIRO	33139156	CE PROFESSORA SONIA REGINA SCUDESE DESSIMONI PINTO
	METROPOLITANA III	RIO DE JANEIRO	33140030	CE CONDE PEREIRA CARNEIRO
	METROPOLITANA III	RIO DE JANEIRO	33140049	CE OSWALDO TEIXEIRA
	METROPOLITANA III	RIO DE JANEIRO	33140669	CE JORNALISTA TIM LOPES
	METROPOLITANA III	RIO DE JANEIRO	33140715	CE ANTONIO HOUAISS
	METROPOLITANA III	RIO DE JANEIRO	33145440	CE SAO JOAO BATISTA
	METROPOLITANA III	RIO DE JANEIRO	33146950	CE PROFESSORA MARIA DE LOURDES DE OLIVEIRA LAVOR - TIA LAVOR
	METROPOLITANA III	RIO DE JANEIRO	33558230	CE DEPUTADO PEDRO FERNANDES
	METROPOLITANA IV	RIO DE JANEIRO	33062250	CE ALDEBARA
	METROPOLITANA IV	RIO DE JANEIRO	33062293	CE CHARLES DICKENS
	METROPOLITANA IV	RIO DE JANEIRO	33075883	CE VIRIATO CORREA
	METROPOLITANA IV	RIO DE JANEIRO	33079323	CE STUART EDGAR ANGEL JONES
	METROPOLITANA IV	RIO DE JANEIRO	33079331	CE AGOSTINHO NETO
	METROPOLITANA IV	RIO DE JANEIRO	33079340	CE BANGU
	METROPOLITANA IV	RIO DE JANEIRO	33079358	CE COLLECCHIO
	METROPOLITANA IV	RIO DE JANEIRO	33079366	CE JORGE ZARUR
	METROPOLITANA IV	RIO DE JANEIRO	33079374	CE LEOPOLDINA DA SILVEIRA
	METROPOLITANA IV	RIO DE JANEIRO	33079382	CE NICARAGUA
	METROPOLITANA IV	RIO DE JANEIRO	33079390	CE PROFESSOR DALTRO SANTOS
	METROPOLITANA IV	RIO DE JANEIRO	33079404	CE REPUBLICA DE MOCAMBIQUE
	METROPOLITANA IV	RIO DE JANEIRO	33079668	CE BARONESA DE SAAVEDRA
	METROPOLITANA IV	RIO DE JANEIRO	33079692	CE CRISTOVAO COLOMBO
	METROPOLITANA IV	RIO DE JANEIRO	33079706	CE DALVA DE OLIVEIRA
	METROPOLITANA IV	RIO DE JANEIRO	33079714	CE ENGENHEIRO JOAO THOME
	METROPOLITANA IV	RIO DE JANEIRO	33079722	CE ESTADO DE ISRAEL
	METROPOLITANA IV	RIO DE JANEIRO	33079757	CE JACQUES RAIMUNDO
	METROPOLITANA IV	RIO DE JANEIRO	33079790	CE MARECHAL ALCIDES ETCHEGOYEN
	METROPOLITANA IV	RIO DE JANEIRO	33079803	CE MARIETA CUNHA DA SILVA
	METROPOLITANA IV	RIO DE JANEIRO	33079811	CE MILTON CAMPOS
	METROPOLITANA IV	RIO DE JANEIRO	33079820	CE MOACYR PADILHA
	METROPOLITANA IV	RIO DE JANEIRO	33079846	CE NACOES UNIDAS
	METROPOLITANA IV	RIO DE JANEIRO	33079897	CE PROFESSOR CLEMENTINO FRAGA
	METROPOLITANA IV	RIO DE JANEIRO	33079900	CE RAMIZ GALVAO
	METROPOLITANA IV	RIO DE JANEIRO	33079943	CE JOÃO SALIM MIGUEL
	METROPOLITANA IV	RIO DE JANEIRO	33081743	CIE MIECIMO DA SILVA
	METROPOLITANA IV	RIO DE JANEIRO	33082022	CE FRANCISCO CALDEIRA DE ALVARENGA
	METROPOLITANA IV	RIO DE JANEIRO	33082030	CE FREIRE ALLEMAO
	METROPOLITANA IV	RIO DE JANEIRO	33082049	CE PROFESSOR FERNANDO ANTONIO RAJA GABAGLIA
	METROPOLITANA IV	RIO DE JANEIRO	33082057	CE PROFESSOR DINAMERICO PEREIRA POMBO
	METROPOLITANA IV	RIO DE JANEIRO	33082065	CE PROFESSOR FELIPE DOS SANTOS REIS
	METROPOLITANA IV	RIO DE JANEIRO	33082073	CE PROFESSOR IVAN VILLON
	METROPOLITANA IV	RIO DE JANEIRO	33082146	CE DOUTOR ALBERT SABIN
	METROPOLITANA IV	RIO DE JANEIRO	33082227	CE ALMIRANTE FRONTIN
	METROPOLITANA IV	RIO DE JANEIRO	33082235	CE AMAZONAS
	METROPOLITANA IV	RIO DE JANEIRO	33082251	CE BARAO DE SANTA MARGARIDA
	METROPOLITANA IV	RIO DE JANEIRO	33082286	CE GEORGE WASHINGTON
	METROPOLITANA IV	RIO DE JANEIRO	33082316	CE JOAO PROENCA
	METROPOLITANA IV	RIO DE JANEIRO	33082324	CE MONTEIRO LOBATO
	METROPOLITANA IV	RIO DE JANEIRO	33082332	CE PRESIDENTE ANTONIO CARLOS
	METROPOLITANA IV	RIO DE JANEIRO	33082340	CE PROFESSOR GONCALVES
	METROPOLITANA IV	RIO DE JANEIRO	33082359	CE PROFESSOR JUREMA PECANHA GIRAUD
	METROPOLITANA IV	RIO DE JANEIRO	33082367	CE PROFESSORA ORMINDA RODRIGUES
	METROPOLITANA IV	RIO DE JANEIRO	33082375	CE RAINHA VITORIA
	METROPOLITANA IV	RIO DE JANEIRO	33082421	CE VENEZUELA
	METROPOLITANA IV	RIO DE JANEIRO	33082430	CE PROFESSOR VIEIRA FAZENDA
	METROPOLITANA IV	RIO DE JANEIRO	33083592	IE SARAH KUBITSCHEK
	METROPOLITANA IV	RIO DE JANEIRO	33084238	CE BARAO DO RIO BRANCO
	METROPOLITANA IV	RIO DE JANEIRO	33084459	CE PESTALOZZI
	METROPOLITANA IV	RIO DE JANEIRO	33086567	CE GRACILIANO RAMOS
	METROPOLITANA IV	RIO DE JANEIRO	33086575	CE GUADALUPE
	METROPOLITANA IV	RIO DE JANEIRO	33086591	CE PROFESSOR JOEL DE OLIVEIRA
	METROPOLITANA IV	RIO DE JANEIRO	33086605	CE PROFESSOR MANOEL MAURICIO DE ALBUQUERQUE
	METROPOLITANA IV	RIO DE JANEIRO	33086729	CE BELGICA
	METROPOLITANA IV	RIO DE JANEIRO	33086737	CE COELHO NETO
	METROPOLITANA IV	RIO DE JANEIRO	33086753	CE CYRO MONTEIRO
	METROPOLITANA IV	RIO DE JANEIRO	33086796	CE PARAIBA
	METROPOLITANA IV	RIO DE JANEIRO	33088152	CE JORNALISTA RODOLFO FERNANDES
	METROPOLITANA IV	RIO DE JANEIRO	33088179	CE MAX FLEIUSS
	METROPOLITANA IV	RIO DE JANEIRO	33088420	CE DEBORAH MENDES DE MORAES
	METROPOLITANA IV	RIO DE JANEIRO	33100659	CAIC NACOES UNIDAS
	METROPOLITANA IV	RIO DE JANEIRO	33100675	CE RAYMUNDO CORREA
	METROPOLITANA IV	RIO DE JANEIRO	33104638	CIEP 195 ANIBAL MACHADO
	METROPOLITANA IV	RIO DE JANEIRO	33105219	CIEP 379 RAUL SEIXAS
	METROPOLITANA IV	RIO DE JANEIRO	33105294	CIEP 311 DEPUTADO BOCAYUVA CUNHA
	METROPOLITANA IV	RIO DE JANEIRO	33106550	CIEP 223 OLYMPIO MARQUES DOS SANTOS
	METROPOLITANA IV	RIO DE JANEIRO	33106584	CIEP 336 OCTAVIO MALTA
	METROPOLITANA IV	RIO DE JANEIRO	33106592	CIEP 435 HELIO PELLEGRINO
	METROPOLITANA IV	RIO DE JANEIRO	33106606	CIEP 224 TARSO DE CASTRO
	METROPOLITANA IV	RIO DE JANEIRO	33106614	CIEP 386 GUILHERME DA SILVEIRA FILHO
	METROPOLITANA IV	RIO DE JANEIRO	33106630	CIEP 382 ASPIRANTE FRANCISCO MEGA
	METROPOLITANA IV	RIO DE JANEIRO	33106649	CIEP 312 RAUL RYFF
	METROPOLITANA IV	RIO DE JANEIRO	33106657	CIEP 183 JOAO VITTA
	METROPOLITANA IV	RIO DE JANEIRO	33106665	CIEP 432 ALBERTO CAVALCANTI
	METROPOLITANA IV	RIO DE JANEIRO	33106673	CIEP 392 MARIO DE ANDRADE
	METROPOLITANA IV	RIO DE JANEIRO	33106681	CIEP 305 HEITOR DOS PRAZERES
	METROPOLITANA IV	RIO DE JANEIRO	33106690	CIEP 225 MARIO QUINTANA
	METROPOLITANA IV	RIO DE JANEIRO	33106703	CIEP 244 OSWALDO ARANHA
	METROPOLITANA IV	RIO DE JANEIRO	33106711	CIEP 362 ROBERTO BURLE MARX
	METROPOLITANA IV	RIO DE JANEIRO	33106720	CIEP 313 RUBEM BRAGA
	METROPOLITANA IV	RIO DE JANEIRO	33106738	CIEP 433 TOGO RENAN SOARES KANELA
	METROPOLITANA IV	RIO DE JANEIRO	33106746	CIEP 165 BRIGADEIRO SERGIO CARVALHO
	METROPOLITANA IV	RIO DE JANEIRO	33110476	CIEP 418 ANTONIO CARLOS BERNARDES -MUSSUM
	METROPOLITANA IV	RIO DE JANEIRO	33125304	CE MISSIONÁRIO MÁRIO WAY
	METROPOLITANA IV	RIO DE JANEIRO	33125333	CE IRINEU JOSE FERREIRA
	METROPOLITANA IV	RIO DE JANEIRO	33125341	CE CORA CORALINA
	METROPOLITANA IV	RIO DE JANEIRO	33125627	CE MINISTRO MARCOS FREIRE
	METROPOLITANA IV	RIO DE JANEIRO	33126216	CE PROFESSORA DIUMA MADEIRA SALLES DE SOUZA
	METROPOLITANA IV	RIO DE JANEIRO	33126747	CE MADRE TERESA DE CALCUTA
	METROPOLITANA IV	RIO DE JANEIRO	33127514	CE MARECHAL RONDON
	METROPOLITANA IV	RIO DE JANEIRO	33128600	CE BARAO DE ITARARE
	METROPOLITANA IV	RIO DE JANEIRO	33128618	CE CARLOS MAGNO NAZARETH CERQUEIRA
	METROPOLITANA IV	RIO DE JANEIRO	33136424	CE PROFESSORA VILMA ATANAZIO
	METROPOLITANA IV	RIO DE JANEIRO	33136432	CE PROFESSORA VANIA DO AMARAL MATIAS EDDE
	METROPOLITANA IV	RIO DE JANEIRO	33136459	CE PROFESSORA ALBA CANIZARES DO NASCIMENTO
	METROPOLITANA IV	RIO DE JANEIRO	33136475	CE MONSENHOR MIGUEL DE SANTA MARIA MOCHON
	METROPOLITANA IV	RIO DE JANEIRO	33136483	CE GANDHI
	METROPOLITANA IV	RIO DE JANEIRO	33136505	CE PROFESSORA JEANNETTE DE SOUZA COELHO MANNARINO
	METROPOLITANA IV	RIO DE JANEIRO	33136513	CE ROSARIA TROTTA
	METROPOLITANA IV	RIO DE JANEIRO	33136696	CE LIBERDADE
	METROPOLITANA IV	RIO DE JANEIRO	33138354	CE PROFESSOR OZEAS GOMES LARANGEIRA
	METROPOLITANA IV	RIO DE JANEIRO	33149119	CE CARLOS ARNOLDO ABRUZZINI DA FONSECA
	METROPOLITANA IV	RIO DE JANEIRO	33157065	CE ERICH WALTER HEINE
	METROPOLITANA IV	RIO DE JANEIRO	33170150	CE HEBE CAMARGO
	METROPOLITANA IV	RIO DE JANEIRO	33508232	CE JORNALISTA ARTUR DA TAVOLA
	METROPOLITANA V	DUQUE DE CAXIAS	33048282	CIEP 087 CLEMENTINA DE JESUS
	METROPOLITANA V	DUQUE DE CAXIAS	33048304	CIEP 031 LIRIO DO LAGUNA
	METROPOLITANA V	DUQUE DE CAXIAS	33048312	CIEP 226 PORTO DA ESTRELA
	METROPOLITANA V	DUQUE DE CAXIAS	33048320	CIEP 131 PROFESSORA ARMANDA ALVARO ALBERTO
	METROPOLITANA V	DUQUE DE CAXIAS	33048339	CIEP 098 PROFESSOR HILDA DO CARMO SIQUEIRA
	METROPOLITANA V	DUQUE DE CAXIAS	33048347	CIEP 198 PROFESSORA ROZA FERREIRA DE MATTOS
	METROPOLITANA V	DUQUE DE CAXIAS	33048444	CE ALVARO NEGROMONTE
	METROPOLITANA V	DUQUE DE CAXIAS	33048452	CE AURA BARRETO
	METROPOLITANA V	DUQUE DE CAXIAS	33048460	CE DULCE PETRI
	METROPOLITANA V	DUQUE DE CAXIAS	33048479	CE DUQUE DE CAXIAS
	METROPOLITANA V	DUQUE DE CAXIAS	33048487	CE FIDELIS MEDEIROS
	METROPOLITANA V	DUQUE DE CAXIAS	33048495	CE GUADALAJARA
	METROPOLITANA V	DUQUE DE CAXIAS	33048509	CE IRINEU MARINHO
	METROPOLITANA V	DUQUE DE CAXIAS	33048517	CE RUI BARBOSA
	METROPOLITANA V	DUQUE DE CAXIAS	33048797	CE PROFESSORA NORMA TOOP URUGUAY
	METROPOLITANA V	DUQUE DE CAXIAS	33048835	EE ARARIBOIA
	METROPOLITANA V	DUQUE DE CAXIAS	33048843	EE BAIRRO SENHOR DO BONFIM
	METROPOLITANA V	DUQUE DE CAXIAS	33048860	CE DOUTOR IGNACIO BEZERRA DE MENEZES
	METROPOLITANA V	DUQUE DE CAXIAS	33048878	CE EUCLIDES DA CUNHA
	METROPOLITANA V	DUQUE DE CAXIAS	33048886	CE EVANGELINA PORTO DA MOTTA
	METROPOLITANA V	DUQUE DE CAXIAS	33048908	CE GETULIO VARGAS
	METROPOLITANA V	DUQUE DE CAXIAS	33048916	EE GILBERTO FREIRE
	METROPOLITANA V	DUQUE DE CAXIAS	33048932	CE HERBERT MOSES
	METROPOLITANA V	DUQUE DE CAXIAS	33048940	CE LARA VILLELA
	METROPOLITANA V	DUQUE DE CAXIAS	33048959	CE LIA MARCIA GONCALVES PANARO
	METROPOLITANA V	DUQUE DE CAXIAS	33048975	CE MIGUEL COUTO
	METROPOLITANA V	DUQUE DE CAXIAS	33048991	CE PROFESSOR JOSE DE SOUZA HERDY
	METROPOLITANA V	DUQUE DE CAXIAS	33049017	CE SAO BENTO
	METROPOLITANA V	DUQUE DE CAXIAS	33049025	CE VINICIUS DE MORAES
	METROPOLITANA V	DUQUE DE CAXIAS	33049033	CE ZUMBI DOS PALMARES
	METROPOLITANA V	DUQUE DE CAXIAS	33049475	IE GOVERNADOR ROBERTO SILVEIRA
	METROPOLITANA V	DUQUE DE CAXIAS	33049688	CIEP 032 CORA CORALINA
	METROPOLITANA V	DUQUE DE CAXIAS	33049696	CIEP 369 JORNALISTA SANDRO MOREYRA
	METROPOLITANA V	DUQUE DE CAXIAS	33049700	CIEP 208 ALCEU AMOROSO LIMA
	METROPOLITANA V	DUQUE DE CAXIAS	33049718	CIEP 228 DARCY VARGAS
	METROPOLITANA V	DUQUE DE CAXIAS	33049726	CIEP 089 GRACILIANO RAMOS
	METROPOLITANA V	DUQUE DE CAXIAS	33049734	CIEP 035 MARECHAL HENRIQUE TEIXEIRA LOTT
	METROPOLITANA V	DUQUE DE CAXIAS	33049742	CIEP 118 VEREADOR VILSON CAMPOS MACEDO
	METROPOLITANA V	DUQUE DE CAXIAS	33049785	CE ADELINA CASTRO
	METROPOLITANA V	DUQUE DE CAXIAS	33049793	CE ALEXANDER GRAHAM BELL
	METROPOLITANA V	DUQUE DE CAXIAS	33049807	CE FREI HENRIQUE DE COIMBRA
	METROPOLITANA V	DUQUE DE CAXIAS	33049815	CE SANTO INACIO
	METROPOLITANA V	DUQUE DE CAXIAS	33049920	CE ABDALA CHAMA
	METROPOLITANA V	DUQUE DE CAXIAS	33049947	EE ASSIS CHATEAUBRIAND
	METROPOLITANA V	DUQUE DE CAXIAS	33049963	CE EMBAIXADOR RAUL FERNANDES
	METROPOLITANA V	DUQUE DE CAXIAS	33049980	CE HELIO RANGEL
	METROPOLITANA V	DUQUE DE CAXIAS	33049998	EE JOAO XXIII
	METROPOLITANA V	DUQUE DE CAXIAS	33050015	CE MARECHAL RONDON
	METROPOLITANA V	DUQUE DE CAXIAS	33050023	CE MINAS GERAIS
	METROPOLITANA V	DUQUE DE CAXIAS	33050031	CE PROFESSORA VERA LUCIA TAVARES ROMAO
	METROPOLITANA V	DUQUE DE CAXIAS	33050040	EE PROFESSORA CORDELIA PAIVA
	METROPOLITANA V	DUQUE DE CAXIAS	33050058	EE PROFESSORA SARAH FARIA BRAZ
	METROPOLITANA V	DUQUE DE CAXIAS	33050422	CE FERNANDO FIGUEIREDO
	METROPOLITANA V	DUQUE DE CAXIAS	33050430	CE PADRE ANCHIETA
	METROPOLITANA V	DUQUE DE CAXIAS	33050490	CE DOUTOR ALFREDO BACKER
	METROPOLITANA V	DUQUE DE CAXIAS	33050503	CE MANOEL BANDEIRA
	METROPOLITANA V	DUQUE DE CAXIAS	33050511	CE NOVA AMERICA
	METROPOLITANA V	DUQUE DE CAXIAS	33050538	CE OPERARIO JOAO VICENTE
	METROPOLITANA V	DUQUE DE CAXIAS	33050546	CE PARADA ANGELICA
	METROPOLITANA V	DUQUE DE CAXIAS	33050554	CE PROFESSOR FRANCISCO PORTUGAL NEVES
	METROPOLITANA V	DUQUE DE CAXIAS	33050570	CE PROFESSORA MINERVINA BARBOSA DE CASTRO
	METROPOLITANA V	DUQUE DE CAXIAS	33050759	CE BARAO DE MAUA
	METROPOLITANA V	DUQUE DE CAXIAS	33050767	CE CIRCULO OPERARIO
	METROPOLITANA V	DUQUE DE CAXIAS	33050791	CE ALEMY TAVARES DA SILVA
	METROPOLITANA V	DUQUE DE CAXIAS	33050805	CE HERVALINA DINIZ PIRES
	METROPOLITANA V	DUQUE DE CAXIAS	33050813	CE MONTEIRO LOBATO
	METROPOLITANA V	DUQUE DE CAXIAS	33050848	CE SANTO ANTONIO
	METROPOLITANA V	DUQUE DE CAXIAS	33096694	CIEP 476 ELIAS LAZARONI
	METROPOLITANA V	DUQUE DE CAXIAS	33097810	CIEP 348 EUGENIA MOREYRA
	METROPOLITANA V	DUQUE DE CAXIAS	33097895	CIEP 404 CLARICE LISPECTOR
	METROPOLITANA V	DUQUE DE CAXIAS	33098816	CIEP 340 PROFESSOR LAIS MARTINS
	METROPOLITANA V	DUQUE DE CAXIAS	33099073	CIEP 199 CHARLES CHAPLIN
	METROPOLITANA V	DUQUE DE CAXIAS	33099189	CIEP 434 PROFESSORA MARIA JOSE MACHADO
	METROPOLITANA V	DUQUE DE CAXIAS	33099200	CIEP 229 CANDIDO PORTINARI
	METROPOLITANA V	DUQUE DE CAXIAS	33099227	CIEP 370 PROFESSOR SYLVIO GNECCO DE CARVALHO
	METROPOLITANA V	DUQUE DE CAXIAS	33099235	CIEP 218 MINISTRO HERMES LIMA
	METROPOLITANA V	DUQUE DE CAXIAS	33099243	CIEP 171 JOSE AMERICO PESSANHA
	METROPOLITANA V	DUQUE DE CAXIAS	33099286	CIEP 350 TULIO ROBERTO CARDOSO QUINTILIANO
	METROPOLITANA V	DUQUE DE CAXIAS	33099766	CIEP 209 ATAULFO ALVES
	METROPOLITANA V	DUQUE DE CAXIAS	33101620	CIEP 176 CHICO MENDES
	METROPOLITANA V	DUQUE DE CAXIAS	33101655	CIEP 320 ERCILIA ANTONIA DA SILVA
	METROPOLITANA V	DUQUE DE CAXIAS	33110220	CIEP 201 AARAO STEINBRUCH
	METROPOLITANA V	DUQUE DE CAXIAS	33142882	CE NOVA CAMPINA
	METROPOLITANA VI	RIO DE JANEIRO	33062226	CE REVERENDO MARTIN LUTHER KING
	METROPOLITANA VI	RIO DE JANEIRO	33062340	CAIC JOAQUIM JOSE DA SILVA XAVER - O TIRADENTES
	METROPOLITANA VI	RIO DE JANEIRO	33062374	CE REVERENDO HUGH CLARENCE TUCKER
	METROPOLITANA VI	RIO DE JANEIRO	33062668	CE JULIA KUBITSCHEK
	METROPOLITANA VI	RIO DE JANEIRO	33062676	CE SOUZA AGUIAR
	METROPOLITANA VI	RIO DE JANEIRO	33062919	CE PAULO DE FRONTIN
	METROPOLITANA VI	RIO DE JANEIRO	33062927	CE TOMAS ANTONIO GONZAGA
	METROPOLITANA VI	RIO DE JANEIRO	33063052	CE MEM DE SA
	METROPOLITANA VI	RIO DE JANEIRO	33063389	CE CHICO ANYSIO
	METROPOLITANA VI	RIO DE JANEIRO	33063397	CE AMARO CAVALCANTI
	METROPOLITANA VI	RIO DE JANEIRO	33063400	CE MEXICO
	METROPOLITANA VI	RIO DE JANEIRO	33063877	CE DEODORO
	METROPOLITANA VI	RIO DE JANEIRO	33063893	CE JOAQUIM ABILIO BORGES
	METROPOLITANA VI	RIO DE JANEIRO	33063907	CE JOSE DE ALENCAR
	METROPOLITANA VI	RIO DE JANEIRO	33063958	CE RODRIGUES ALVES
	METROPOLITANA VI	RIO DE JANEIRO	33064636	CE ECA DE QUEIROS
	METROPOLITANA VI	RIO DE JANEIRO	33064644	CE INFANTE DOM HENRIQUE
	METROPOLITANA VI	RIO DE JANEIRO	33064652	CE PEDRO ALVARES CABRAL
	METROPOLITANA VI	RIO DE JANEIRO	33064792	CE CASTELNUOVO
	METROPOLITANA VI	RIO DE JANEIRO	33064849	CE ROMA
	METROPOLITANA VI	RIO DE JANEIRO	33065217	CE PROFESSOR ANTONIO MARIA TEIXEIRA FILHO
	METROPOLITANA VI	RIO DE JANEIRO	33065276	CE ANDRE MAUROIS
	METROPOLITANA VI	RIO DE JANEIRO	33065284	CE IGNACIO AZEVEDO DO AMARAL
	METROPOLITANA VI	RIO DE JANEIRO	33065292	CE MANUEL BANDEIRA
	METROPOLITANA VI	RIO DE JANEIRO	33066027	CE NILO PECANHA
	METROPOLITANA VI	RIO DE JANEIRO	33066035	CE OLAVO BILAC
	METROPOLITANA VI	RIO DE JANEIRO	33066043	CE PROFESSOR ERNESTO FARIA
	METROPOLITANA VI	RIO DE JANEIRO	33066140	CE GONCALVES DIAS
	METROPOLITANA VI	RIO DE JANEIRO	33066590	CE ANTONIO PRADO JUNIOR
	METROPOLITANA VI	RIO DE JANEIRO	33066612	CE PROFESSOR CLOVIS SALGADO
	METROPOLITANA VI	RIO DE JANEIRO	33066620	CE SOARES PEREIRA
	METROPOLITANA VI	RIO DE JANEIRO	33067783	CE FRANCISCO CAMPOS
	METROPOLITANA VI	RIO DE JANEIRO	33067791	CE JOAO ALFREDO
	METROPOLITANA VI	RIO DE JANEIRO	33067805	CE REPUBLICA ARGENTINA
	METROPOLITANA VI	RIO DE JANEIRO	33068011	CE AFONSO PENA
	METROPOLITANA VI	RIO DE JANEIRO	33071560	CE DELFIM MOREIRA
	METROPOLITANA VI	RIO DE JANEIRO	33072337	CE SARMIENTO
	METROPOLITANA VI	RIO DE JANEIRO	33077088	CE ADALGISA MONTEIRO
	METROPOLITANA VI	RIO DE JANEIRO	33077096	CE ALBERTO PASQUALINI
	METROPOLITANA VI	RIO DE JANEIRO	33077100	CE BRIGADEIRO SCHORCHT
	METROPOLITANA VI	RIO DE JANEIRO	33077118	CE CARLOS LACERDA
	METROPOLITANA VI	RIO DE JANEIRO	33077126	CE EDUARDO MONDLANE
	METROPOLITANA VI	RIO DE JANEIRO	33077134	CE ENGENHEIRO BERNARDO SAYAO
	METROPOLITANA VI	RIO DE JANEIRO	33077142	CE MAHATMA GANDHI
	METROPOLITANA VI	RIO DE JANEIRO	33077150	CE PEDRO ALEIXO
	METROPOLITANA VI	RIO DE JANEIRO	33077169	CE EUNICE WEAVER
	METROPOLITANA VI	RIO DE JANEIRO	33077177	CE PRESIDENTE JOAO GOULART
	METROPOLITANA VI	RIO DE JANEIRO	33077185	CE SENADOR TEOTONIO VILELA
	METROPOLITANA VI	RIO DE JANEIRO	33077363	CE ALBERTO RANGEL
	METROPOLITANA VI	RIO DE JANEIRO	33077371	CE ALINA DE BRITO
	METROPOLITANA VI	RIO DE JANEIRO	33077436	CE DESEMBARGADOR NEY PALMEIRO
	METROPOLITANA VI	RIO DE JANEIRO	33077452	CE EMBAIXADOR DIAS CARNEIRO
	METROPOLITANA VI	RIO DE JANEIRO	33077487	CE FREDERICO EYER
	METROPOLITANA VI	RIO DE JANEIRO	33077495	CE GENERAL CARLOS MIRAGAYA
	METROPOLITANA VI	RIO DE JANEIRO	33077509	CE HONDURAS
	METROPOLITANA VI	RIO DE JANEIRO	33077525	CE MARECHAL CANROBERT PEREIRA DA COSTA
	METROPOLITANA VI	RIO DE JANEIRO	33077568	CE ROSA DO POVO
	METROPOLITANA VI	RIO DE JANEIRO	33077576	CE VICTOR HUGO
	METROPOLITANA VI	RIO DE JANEIRO	33086427	CE AUGUSTO RUSCHI
	METROPOLITANA VI	RIO DE JANEIRO	33087644	CE VICENTE JANNUZZI
	METROPOLITANA VI	RIO DE JANEIRO	33087717	CE ALBERT EINSTEIN
	METROPOLITANA VI	RIO DE JANEIRO	33087725	CE GILSON AMADO
	METROPOLITANA VI	RIO DE JANEIRO	33087733	CE GOLDA MEIR
	METROPOLITANA VI	RIO DE JANEIRO	33087750	CE ALMIRANTE TAMANDARE
	METROPOLITANA VI	RIO DE JANEIRO	33097283	CIEP 321 DOUTOR ULISSES GUIMARAES
	METROPOLITANA VI	RIO DE JANEIRO	33102210	CIEP 241 NACAO MANGUEIRENSE GOVERNADOR LEONEL DE MOURA BRIZOLA
	METROPOLITANA VI	RIO DE JANEIRO	33105065	CAIC EUCLIDES DA CUNHA
	METROPOLITANA VI	RIO DE JANEIRO	33105103	CIEP 303 AYRTON SENNA DA SILVA
	METROPOLITANA VI	RIO DE JANEIRO	33110638	CIEP 205 FREI AGOSTINHO FINCIAS
	METROPOLITANA VI	RIO DE JANEIRO	33125805	CE PROFESSOR TEOFILO MOREIRA DA COSTA
	METROPOLITANA VI	RIO DE JANEIRO	33126105	CE FINLANDIA
	METROPOLITANA VI	RIO DE JANEIRO	33126224	CE HERBERT DE SOUZA
	METROPOLITANA VI	RIO DE JANEIRO	33126232	CE COMPOSITOR LUIZ GONZAGA
	METROPOLITANA VI	RIO DE JANEIRO	33126755	CE MONTEIRO DE CARVALHO
	METROPOLITANA VI	RIO DE JANEIRO	33126941	CE CHIQUINHA GONZAGA
	METROPOLITANA VI	RIO DE JANEIRO	33134049	CE PROFESSORA MARIA TEREZINHA DE CARVALHO MACHADO
	METROPOLITANA VI	RIO DE JANEIRO	33138648	CE STELLA MATUTINA
	METROPOLITANA VI	RIO DE JANEIRO	33173010	CE JORNALISTA MAURICIO AZEDO
	METROPOLITANA VI	RIO DE JANEIRO	33271208	CE JOSE LEITE LOPES
	METROPOLITANA VI	RIO DE JANEIRO	33439222	CE COMPOSITOR LUIZ CARLOS DA VILA
	METROPOLITANA VII	BELFORD ROXO	33046247	CE GUSTAVO BARROSO
	METROPOLITANA VII	BELFORD ROXO	33046263	CAIC 1003 DONA DARCY VARGAS
	METROPOLITANA VII	BELFORD ROXO	33046514	CIEP 178 JOAO SALDANHA
	METROPOLITANA VII	BELFORD ROXO	33046522	CIEP 314 GALILEU GALILEI
	METROPOLITANA VII	BELFORD ROXO	33046530	CIEP 316 GENERAL LADARIO PEREIRA TELLES
	METROPOLITANA VII	BELFORD ROXO	33046565	CIEP 375 WILSON GREY
	METROPOLITANA VII	BELFORD ROXO	33046573	CIEP 376 CLAUDIO COUTINHO
	METROPOLITANA VII	BELFORD ROXO	33046581	CIEP 377 CARMEM DA SILVA
	METROPOLITANA VII	BELFORD ROXO	33046603	CIEP 037 ERNESTO GUEVARA
	METROPOLITANA VII	BELFORD ROXO	33046620	CIEP 374 AUGUSTO RODRIGUES
	METROPOLITANA VII	BELFORD ROXO	33046646	CIEP 197 MINISTRO MARCOS BARROS FREIRE
	METROPOLITANA VII	BELFORD ROXO	33046654	CIEP 112 MONSENHOR SOLANO DANTAS MENEZES
	METROPOLITANA VII	BELFORD ROXO	33046662	CIEP 116 VILA MAIA
	METROPOLITANA VII	BELFORD ROXO	33046743	CE ALICE PACCINI GELIO
	METROPOLITANA VII	BELFORD ROXO	33046751	CE BAIRRO NOVA AURORA
	METROPOLITANA VII	BELFORD ROXO	33046778	CE JARDIM GLAUCIA
	METROPOLITANA VII	BELFORD ROXO	33046786	CE PRESIDENTE KENNEDY
	METROPOLITANA VII	BELFORD ROXO	33046794	CE RICARDA LEON
	METROPOLITANA VII	BELFORD ROXO	33046808	CE SARGENTO WOLFF
	METROPOLITANA VII	BELFORD ROXO	33046816	CE SANTA AMELIA
	METROPOLITANA VII	BELFORD ROXO	33046824	CE TENENTE OTAVIO PINHEIRO
	METROPOLITANA VII	BELFORD ROXO	33046867	CE BOM PASTOR
	METROPOLITANA VII	BELFORD ROXO	33047243	CE BAIRRO JARDIM AMERICA
	METROPOLITANA VII	BELFORD ROXO	33047251	EE CASTRO ALVES
	METROPOLITANA VII	BELFORD ROXO	33047278	CE MARCILIO DIAS
	METROPOLITANA VII	BELFORD ROXO	33047286	CIEP 210 MARIO ALVES DE SOUZA VIEIRA
	METROPOLITANA VII	BELFORD ROXO	33047294	CE NOVA ALVORADA
	METROPOLITANA VII	BELFORD ROXO	33047308	CE PAULINO BARBOSA
	METROPOLITANA VII	BELFORD ROXO	33047316	CE PRESIDENTE JOAO GOULART
	METROPOLITANA VII	BELFORD ROXO	33047324	CE SAO BERNARDO
	METROPOLITANA VII	BELFORD ROXO	33047332	CE SANTA TEREZA
	METROPOLITANA VII	BELFORD ROXO	33047340	EE VITAL BRASIL
	METROPOLITANA VII	BELFORD ROXO	33047910	CE BRANDAO MONTEIRO
	METROPOLITANA VII	BELFORD ROXO	33047928	CE VARZEA DA ALEGRIA
	METROPOLITANA VII	BELFORD ROXO	33047936	CE JARDIM IPE
	METROPOLITANA VII	BELFORD ROXO	33047944	CE PARQUE AMORIM
	METROPOLITANA VII	BELFORD ROXO	33047960	CIEP 380 JORACY CAMARGO
	METROPOLITANA VII	BELFORD ROXO	33094144	CIEP 388 LASAR SEGALL
	METROPOLITANA VII	BELFORD ROXO	33098131	CIEP 337 BERTA LUTZ
	METROPOLITANA VII	MESQUITA	33061084	CIEP 364 NELSON RAMOS
	METROPOLITANA VII	MESQUITA	33061106	CIEP 111 GELSON FREITAS
	METROPOLITANA VII	MESQUITA	33061122	CIEP 100 SAO FRANCISCO DE ASSIS
	METROPOLITANA VII	MESQUITA	33061149	CE BRASIL
	METROPOLITANA VII	MESQUITA	33061165	CE DOM PEDRO I
	METROPOLITANA VII	MESQUITA	33061173	CE PIERRE PLANCHER
	METROPOLITANA VII	MESQUITA	33061181	CE PRESIDENTE CASTELO BRANCO
	METROPOLITANA VII	MESQUITA	33061203	CE VILA BELA
	METROPOLITANA VII	MESQUITA	33061246	CE ANA NERI
	METROPOLITANA VII	NILÓPOLIS	33054576	CE ANTONIO FIGUEIRA DE ALMEIDA
	METROPOLITANA VII	NILÓPOLIS	33054584	CE AYDANO DE ALMEIDA
	METROPOLITANA VII	NILÓPOLIS	33054592	CE JOAO CARDOSO
	METROPOLITANA VII	NILÓPOLIS	33054606	CE PROFESSOR MARIO CAMPOS
	METROPOLITANA VII	NILÓPOLIS	33054681	CE BERTHA D ALESSANDRO
	METROPOLITANA VII	NILÓPOLIS	33054711	CE PROFESSOR UBIRATAN REIS BARBOSA
	METROPOLITANA VII	NILÓPOLIS	33054843	IE CARLOS PASQUALE
	METROPOLITANA VII	NILÓPOLIS	33054983	CE NUTHA BARTLET JAMES
	METROPOLITANA VII	NILÓPOLIS	33055025	CE JOAQUIM DE ALMEIDA FLORES
	METROPOLITANA VII	NILÓPOLIS	33055033	CE MARECHAL ZENOBIO DA COSTA
	METROPOLITANA VII	NILÓPOLIS	33099049	CIEP 230 MANOEL MALAQUIAS GURGEL DA SILVA
	METROPOLITANA VII	NILÓPOLIS	33101078	CIEP 389 HAROLDO BARBOSA
	METROPOLITANA VII	NILÓPOLIS	33113319	CE POETA MARIO QUINTANA
	METROPOLITANA VII	SÃO JOÃO DE MERITI	33047979	CIEP 398 MARIO LIMA
	METROPOLITANA VII	SÃO JOÃO DE MERITI	33092141	CIEP 114 MARIA GAVAZIO MARTINS
	METROPOLITANA VII	SÃO JOÃO DE MERITI	33092168	CIEP 016 ABILIO HENRIQUES CORREIA
	METROPOLITANA VII	SÃO JOÃO DE MERITI	33092176	CIEP 135 AFONSO HENRIQUES LIMA BARRETO
	METROPOLITANA VII	SÃO JOÃO DE MERITI	33092184	CIEP 115 ANTONIO FRANCISCO LISBOA
	METROPOLITANA VII	SÃO JOÃO DE MERITI	33092206	CIEP 133 OSWALDO JOSE LOURENCO
	METROPOLITANA VII	SÃO JOÃO DE MERITI	33092214	CE ANTONIO GONCALVES
	METROPOLITANA VII	SÃO JOÃO DE MERITI	33092222	CE CAETANO BELLONI
	METROPOLITANA VII	SÃO JOÃO DE MERITI	33092230	CE JARDIM MERITI
	METROPOLITANA VII	SÃO JOÃO DE MERITI	33092249	CE PROFESSORA FRANCISCA JEREMIAS DA SILVEIRA MENEZES
	METROPOLITANA VII	SÃO JOÃO DE MERITI	33092257	CE PROFESSOR MURILO BRAGA
	METROPOLITANA VII	SÃO JOÃO DE MERITI	33092265	CE RUBENS FARRULLA
	METROPOLITANA VII	SÃO JOÃO DE MERITI	33092427	CE PROFESSORA REGINA CELIA DOS REIS OLIVEIRA
	METROPOLITANA VII	SÃO JOÃO DE MERITI	33092443	CE DOUTOR ANIBAL VIRIATO DE AZEVEDO
	METROPOLITANA VII	SÃO JOÃO DE MERITI	33092451	CE DOUTOR OSCAR PIMENTA SOARES
	METROPOLITANA VII	SÃO JOÃO DE MERITI	33092460	CE JOSE DO PATROCINIO
	METROPOLITANA VII	SÃO JOÃO DE MERITI	33092478	CE PEDRO ALVARES CABRAL
	METROPOLITANA VII	SÃO JOÃO DE MERITI	33092508	EE PROFESSORA ODYLA DO COUTO
	METROPOLITANA VII	SÃO JOÃO DE MERITI	33092516	CE PROFESSORA SANDRA MARIA SANTOS DE SOUSA
	METROPOLITANA VII	SÃO JOÃO DE MERITI	33092532	CE VERA CRUZ
	METROPOLITANA VII	SÃO JOÃO DE MERITI	33092796	CIEP 179 PROFESSOR CLAUDIO GAMA
	METROPOLITANA VII	SÃO JOÃO DE MERITI	33093016	CIEP 029 JOSUE DE CASTRO
	METROPOLITANA VII	SÃO JOÃO DE MERITI	33093024	CIEP 030 MARINHEIRO JOAO CANDIDO
	METROPOLITANA VII	SÃO JOÃO DE MERITI	33093040	CIEP 189 VALDYLIO VILLAS BOAS
	METROPOLITANA VII	SÃO JOÃO DE MERITI	33093091	CE CASEMIRO MEIRELLES
	METROPOLITANA VII	SÃO JOÃO DE MERITI	33093156	CE AGOSTINHO PORTO
	METROPOLITANA VII	SÃO JOÃO DE MERITI	33093180	CE DUQUE COSTA
	METROPOLITANA VII	SÃO JOÃO DE MERITI	33093199	CE GOVERNADOR ROBERTO SILVEIRA
	METROPOLITANA VII	SÃO JOÃO DE MERITI	33093202	EE PRACA DA BANDEIRA
	METROPOLITANA VII	SÃO JOÃO DE MERITI	33093210	EE PROFESSOR ALFREDO MAURICIO BRUM
	METROPOLITANA VII	SÃO JOÃO DE MERITI	33093229	CE PROFESSOR LOURENCO FILHO
	METROPOLITANA VII	SÃO JOÃO DE MERITI	33093423	CIEP 139 MANUEL BANDEIRA
	METROPOLITANA VII	SÃO JOÃO DE MERITI	33093458	CE HILTON GAMA
	METROPOLITANA VII	SÃO JOÃO DE MERITI	33093466	CE PROFESSORA ALZIRA DOS SANTOS DA SILVA
	METROPOLITANA VII	SÃO JOÃO DE MERITI	33093482	EE SAO FRANCISCO DE ASSIS
	METROPOLITANA VII	SÃO JOÃO DE MERITI	33093504	CE VISCONDE DE CAIRU
	METROPOLITANA VII	SÃO JOÃO DE MERITI	33104271	CIEP 397 PAULO PONTES
	METROPOLITANA VII	SÃO JOÃO DE MERITI	33104298	CIEP 399 JEAN BAPTISTE DEBRET
	METROPOLITANA VII	SÃO JOÃO DE MERITI	33104301	CIEP 400 OSWALD DE ANDRADE
	METROPOLITANA VII	SÃO JOÃO DE MERITI	33104328	EE VILAR DOS TELES
	METROPOLITANA VII	SÃO JOÃO DE MERITI	33104344	CIEP 169 MARIA AUGUSTA CORREIA
	METROPOLITANA VII	SÃO JOÃO DE MERITI	33104352	CIEP 170 GREGORIO BEZERRA
	METROPOLITANA VII	SÃO JOÃO DE MERITI	33104379	CIEP 175 JOSE LINS DO REGO
	NOROESTE FLUMINENSE	APERIBÉ	33004749	CE LOURENCA GUIMARAES
	NOROESTE FLUMINENSE	APERIBÉ	33095647	CIEP 419 BENIGNO BAIRRAL
	NOROESTE FLUMINENSE	BOM JESUS DO ITABAPOANA	33000026	CE GOVERNADOR ROBERTO SILVEIRA
	NOROESTE FLUMINENSE	BOM JESUS DO ITABAPOANA	33000042	CE PADRE MELLO
	NOROESTE FLUMINENSE	BOM JESUS DO ITABAPOANA	33000115	CE ALCINDA LOPES PEREIRA PINTO
	NOROESTE FLUMINENSE	BOM JESUS DO ITABAPOANA	33000158	CE EUCLIDES FELICIANO TARDIN
	NOROESTE FLUMINENSE	BOM JESUS DO ITABAPOANA	33000360	IE EBER TEIXEIRA DE FIGUEIREDO
	NOROESTE FLUMINENSE	BOM JESUS DO ITABAPOANA	33000662	CE MARCILIO DIAS
	NOROESTE FLUMINENSE	BOM JESUS DO ITABAPOANA	33000670	CE MARIA DA CONCEICAO PEREIRA PINTO
	NOROESTE FLUMINENSE	BOM JESUS DO ITABAPOANA	33518220	CE LUIZ TITO DE ALMEIDA
	NOROESTE FLUMINENSE	ITALVA	33001014	CIEP 141 VEREADOR SAID TANUS JOSE
	NOROESTE FLUMINENSE	ITALVA	33001022	CE JOAO GUIMARAES
	NOROESTE FLUMINENSE	ITALVA	33001057	CE SEVERINO PEREIRA DA SILVA
	NOROESTE FLUMINENSE	ITAOCARA	33005990	CE FREI TOMAS
	NOROESTE FLUMINENSE	ITAOCARA	33006024	EE CORONEL JOSE ANTONIO TEIXEIRA
	NOROESTE FLUMINENSE	ITAOCARA	33006296	CE LAURINDO PITA
	NOROESTE FLUMINENSE	ITAOCARA	33006458	CE JOHENIR HENRIQUES VIEGAS
	NOROESTE FLUMINENSE	ITAOCARA	33006571	CE JAIME QUEIROZ DE SOUZA
	NOROESTE FLUMINENSE	ITAOCARA	33099278	CIEP 275 LENINE CORTES FALANTE
	NOROESTE FLUMINENSE	ITAPERUNA	33001278	CIE DE AGROPECUARIA DE ITAPERUNA
	NOROESTE FLUMINENSE	ITAPERUNA	33001286	CE DEZ DE MAIO
	NOROESTE FLUMINENSE	ITAPERUNA	33001294	CE BUARQUE DE NAZARETH
	NOROESTE FLUMINENSE	ITAPERUNA	33001316	CE LUIZ FERRAZ
	NOROESTE FLUMINENSE	ITAPERUNA	33001332	CE ROMUALDO MONTEIRO DE BARROS
	NOROESTE FLUMINENSE	ITAPERUNA	33001359	CE ROTARY
	NOROESTE FLUMINENSE	ITAPERUNA	33001456	CE CHEQUER JORGE
	NOROESTE FLUMINENSE	ITAPERUNA	33001650	CE LIONS CLUBE DE ITAPERUNA
	NOROESTE FLUMINENSE	ITAPERUNA	33002126	CE SENADOR SA TINOCO
	NOROESTE FLUMINENSE	ITAPERUNA	33002258	CE NICOLAO BASTOS FILHO
	NOROESTE FLUMINENSE	ITAPERUNA	33002312	CE DOUTOR JOSE BASTOS FRANCA
	NOROESTE FLUMINENSE	ITAPERUNA	33002614	CE ETELVINA ALVES DA SILVA
	NOROESTE FLUMINENSE	ITAPERUNA	33002827	CE JOSE GARCIA DE FREITAS
	NOROESTE FLUMINENSE	ITAPERUNA	33093890	CIEP 263 LINA BO BARDI
	NOROESTE FLUMINENSE	LAJE DO MURIAÉ	33093555	CIEP 343 PROFESSORA EMILIA DINIZ LIGIERO
	NOROESTE FLUMINENSE	MIRACEMA	33006660	IE DE MIRACEMA
	NOROESTE FLUMINENSE	MIRACEMA	33006679	CE DEODATO LINHARES
	NOROESTE FLUMINENSE	MIRACEMA	33006709	CE DOUTOR FERREIRA DA LUZ
	NOROESTE FLUMINENSE	MIRACEMA	33006776	CE PRUDENTE DE MORAES
	NOROESTE FLUMINENSE	MIRACEMA	33007101	CE MANOEL RODRIGUES DE BARROS
	NOROESTE FLUMINENSE	MIRACEMA	33094063	CIEP 267 MARIA APARECIDA LIMA SOUTO TOSTES
	NOROESTE FLUMINENSE	NATIVIDADE	33003386	CIEP 468 OLGA THURLER MENDONCA DA FONSECA
	NOROESTE FLUMINENSE	NATIVIDADE	33003394	CE FLAVIO RIBEIRO DE REZENDE
	NOROESTE FLUMINENSE	NATIVIDADE	33003424	CE FRANCISCO PORTELLA
	NOROESTE FLUMINENSE	NATIVIDADE	33131163	CE CORONEL JOSE ROSA DA SILVA
	NOROESTE FLUMINENSE	NATIVIDADE	33137196	CE JOAO RODRIGUES FRANCA
	NOROESTE FLUMINENSE	PORCIÚNCULA	33003858	CE JOSE DE LANNES DANTAS BRANDAO
	NOROESTE FLUMINENSE	PORCIÚNCULA	33004129	CE GERALDINO SILVA
	NOROESTE FLUMINENSE	PORCIÚNCULA	33004226	CE DEPUTADO CARLOS PINTO FILHO
	NOROESTE FLUMINENSE	PORCIÚNCULA	33097216	IE ELIANA DUARTE DA SILVA BREIJAO
	NOROESTE FLUMINENSE	SANTO ANTÔNIO DE PÁDUA	33007306	CE RUI GUIMARAES DE ALMEIDA
	NOROESTE FLUMINENSE	SANTO ANTÔNIO DE PÁDUA	33007403	CE ALMIRANTE BARAO DE TEFFE
	NOROESTE FLUMINENSE	SANTO ANTÔNIO DE PÁDUA	33007420	CE DOUTOR LEONEL HOMEM DA COSTA
	NOROESTE FLUMINENSE	SANTO ANTÔNIO DE PÁDUA	33007900	CE TEMISTOCLES DE ALMEIDA
	NOROESTE FLUMINENSE	SANTO ANTÔNIO DE PÁDUA	33097542	CIEP 469 ANAIDE PANARO CALDAS
	NOROESTE FLUMINENSE	SANTO ANTÔNIO DE PÁDUA	33142319	CE JOAO MAURICIO BRUM
	NOROESTE FLUMINENSE	SANTO ANTÔNIO DE PÁDUA	33518211	CE PEDRO BATISTA DE SOUZA
	NOROESTE FLUMINENSE	SÃO JOSÉ DE UBÁ	33005664	CE MARIA LENY VIEIRA FERREIRA SILVA
	NOROESTE FLUMINENSE	VARRE-SAI	33004447	CE DOUTOR MIGUEL COUTO FILHO
	NORTE FLUMINENSE	CAMBUCI	33004927	CIEP 276 ERNESTO PAIVA
	NORTE FLUMINENSE	CAMBUCI	33004943	CE PROFESSOR MANOEL GONCALVES RAMOS JUNIOR
	NORTE FLUMINENSE	CAMBUCI	33005362	CE WALDEMIRO PITA
	NORTE FLUMINENSE	CAMBUCI	33005478	CE OSCAR BATISTA
	NORTE FLUMINENSE	CAMPOS DOS GOYTACAZES	33008272	CIEP 056 CUSTODIO SIQUEIRA
	NORTE FLUMINENSE	CAMPOS DOS GOYTACAZES	33008299	CIEP 057 DOUTOR NILO PECANHA
	NORTE FLUMINENSE	CAMPOS DOS GOYTACAZES	33008388	CE BENTA PEREIRA
	NORTE FLUMINENSE	CAMPOS DOS GOYTACAZES	33008396	CE CORONEL JOAO BATISTA DE PAULA BARROSO
	NORTE FLUMINENSE	CAMPOS DOS GOYTACAZES	33008418	CE DOUTOR FELIX MIRANDA
	NORTE FLUMINENSE	CAMPOS DOS GOYTACAZES	33008434	CE DOUTOR SYLVIO BASTOS TAVARES
	NORTE FLUMINENSE	CAMPOS DOS GOYTACAZES	33008442	CE JOAO PESSOA
	NORTE FLUMINENSE	CAMPOS DOS GOYTACAZES	33008450	CE JOSE DO PATROCINIO
	NORTE FLUMINENSE	CAMPOS DOS GOYTACAZES	33008485	CE NILO PECANHA
	NORTE FLUMINENSE	CAMPOS DOS GOYTACAZES	33008493	CE VISCONDE DO RIO BRANCO
	NORTE FLUMINENSE	CAMPOS DOS GOYTACAZES	33008663	CE QUINZE DE NOVEMBRO
	NORTE FLUMINENSE	CAMPOS DOS GOYTACAZES	33008728	CE CONSTANTINO FERNANDES
	NORTE FLUMINENSE	CAMPOS DOS GOYTACAZES	33008736	CE DESEMBARGADOR ALVARO FERREIRA PINTO
	NORTE FLUMINENSE	CAMPOS DOS GOYTACAZES	33008752	CE DOM OTAVIANO DE ALBUQUERQUE
	NORTE FLUMINENSE	CAMPOS DOS GOYTACAZES	33008795	CE DOUTOR CESAR TINOCO
	NORTE FLUMINENSE	CAMPOS DOS GOYTACAZES	33008817	CE DOUTOR JOAO MURILO CARNEIRO DE OLIVEIRA
	NORTE FLUMINENSE	CAMPOS DOS GOYTACAZES	33008841	CE DOUTOR MAXIMO DE AZEVEDO
	NORTE FLUMINENSE	CAMPOS DOS GOYTACAZES	33008850	CE DOUTOR PHILLIPPE UEBE
	NORTE FLUMINENSE	CAMPOS DOS GOYTACAZES	33008868	CE DOUTOR THIERS CARDOSO
	NORTE FLUMINENSE	CAMPOS DOS GOYTACAZES	33008892	CE GENERAL DUTRA
	NORTE FLUMINENSE	CAMPOS DOS GOYTACAZES	33008957	EE JOAQUIM ATAYDE
	NORTE FLUMINENSE	CAMPOS DOS GOYTACAZES	33008981	CE JOSE FRANCISCO DE SALLES
	NORTE FLUMINENSE	CAMPOS DOS GOYTACAZES	33009007	CE JULIAO NOGUEIRA
	NORTE FLUMINENSE	CAMPOS DOS GOYTACAZES	33009023	EE MANOEL SIMOES DE REZENDE
	NORTE FLUMINENSE	CAMPOS DOS GOYTACAZES	33009120	CE ROTARY II
	NORTE FLUMINENSE	CAMPOS DOS GOYTACAZES	33010110	LICEU DE HUMANIDADES DE CAMPOS
	NORTE FLUMINENSE	CAMPOS DOS GOYTACAZES	33010170	CE NILO FERNANDES PEREIRA
	NORTE FLUMINENSE	CAMPOS DOS GOYTACAZES	33010269	CE PAULO ROBERTO DUARTE DE MENDONCA
	NORTE FLUMINENSE	CAMPOS DOS GOYTACAZES	33010315	CE NOTIVAL PEDRO MOLL
	NORTE FLUMINENSE	CAMPOS DOS GOYTACAZES	33010528	CE THEOTONIO FERREIRA DE ARAUJO
	NORTE FLUMINENSE	CAMPOS DOS GOYTACAZES	33010650	CE DOUTOR BARROS BARRETO
	NORTE FLUMINENSE	CAMPOS DOS GOYTACAZES	33010889	CE DOUTOR JOSE PEREIRA PINTO
	NORTE FLUMINENSE	CAMPOS DOS GOYTACAZES	33011095	CE MANOEL PEREIRA GONCALVES
	NORTE FLUMINENSE	CAMPOS DOS GOYTACAZES	33011311	CE ESTEFANIA PEREIRA PINTO
	NORTE FLUMINENSE	CAMPOS DOS GOYTACAZES	33011400	CE LEONCIO PEREIRA GOMES
	NORTE FLUMINENSE	CAMPOS DOS GOYTACAZES	33011427	CE ATILANO CHRYSOSTOMO DE OLIVEIRA
	NORTE FLUMINENSE	CAMPOS DOS GOYTACAZES	33011435	CE CORONEL FRANCISCO RIBEIRO DA MOTTA VASCONCELOS
	NORTE FLUMINENSE	CAMPOS DOS GOYTACAZES	33011460	CE MARIA ISABEL RANGEL DE ARAUJO
	NORTE FLUMINENSE	CAMPOS DOS GOYTACAZES	33011621	CE ALMIRANTE BARROSO
	NORTE FLUMINENSE	CAMPOS DOS GOYTACAZES	33011842	CE NELSON PEREIRA REBEL
	NORTE FLUMINENSE	CAMPOS DOS GOYTACAZES	33012040	CE ALCEBIADES SCHWARTZ
	NORTE FLUMINENSE	CAMPOS DOS GOYTACAZES	33012083	CE PROFESSOR HERVAL DE SOUZA TAVARES
	NORTE FLUMINENSE	CAMPOS DOS GOYTACAZES	33093938	CIEP 461 CLOVIS TAVARES
	NORTE FLUMINENSE	CAMPOS DOS GOYTACAZES	33093946	CIEP 466 NINA ARUEIRA
	NORTE FLUMINENSE	CAMPOS DOS GOYTACAZES	33094128	CIEP 270 PREFEITO JOSE ALVES DE AZEVEDO
	NORTE FLUMINENSE	CAMPOS DOS GOYTACAZES	33094136	CIEP 416 WILSON BATISTA
	NORTE FLUMINENSE	CAMPOS DOS GOYTACAZES	33097003	CIEP 462 NACAO GOITACA
	NORTE FLUMINENSE	CAMPOS DOS GOYTACAZES	33099111	CIEP 463 JOAO BORGES BARRETO
	NORTE FLUMINENSE	CAMPOS DOS GOYTACAZES	33099758	CIEP 417 JOSE DO PATROCINIO
	NORTE FLUMINENSE	CAMPOS DOS GOYTACAZES	33100411	CIEP 268 LUIZ CARLOS DE LACERDA
	NORTE FLUMINENSE	CARAPEBUS	33016070	CE THOMAZ GOMES
	NORTE FLUMINENSE	CARDOSO MOREIRA	33012121	CE BALTAZAR CARNEIRO
	NORTE FLUMINENSE	CARDOSO MOREIRA	33098662	CIEP 464 ADMAR FERREIRA DE MEDEIROS
	NORTE FLUMINENSE	CONCEIÇÃO DE MACABU	33014736	CIEP 271 JOSE BONIFACIO TASSARA
	NORTE FLUMINENSE	CONCEIÇÃO DE MACABU	33014760	CE TOBIAS TOSTES MACHADO
	NORTE FLUMINENSE	CONCEIÇÃO DE MACABU	33014779	EE ANTONIO BARCELLOS
	NORTE FLUMINENSE	CONCEIÇÃO DE MACABU	33014809	CE ELSA BARBOSA DAUMAS
	NORTE FLUMINENSE	CONCEIÇÃO DE MACABU	33014817	EE JOSE DE PAULA BARRETO
	NORTE FLUMINENSE	CONCEIÇÃO DE MACABU	33014833	EE MARIA LOBO VIANA
	NORTE FLUMINENSE	CONCEIÇÃO DE MACABU	33015090	CE BOCAINA
	NORTE FLUMINENSE	MACAÉ	33015180	CE LUIZ REID
	NORTE FLUMINENSE	MACAÉ	33015260	CE PRIMEIRO DE MAIO
	NORTE FLUMINENSE	MACAÉ	33015279	CE DOUTOR TELIO BARRETO
	NORTE FLUMINENSE	MACAÉ	33015295	CE IRENE MEIRELLES
	NORTE FLUMINENSE	MACAÉ	33015309	CE JORNALISTA ALVARO BASTOS
	NORTE FLUMINENSE	MACAÉ	33015317	CE MATIAS NETO
	NORTE FLUMINENSE	MACAÉ	33015333	CE RACHEL REID PEREIRA DE SOUZA
	NORTE FLUMINENSE	MACAÉ	33015341	CE VISCONDE DE ARAUJO
	NORTE FLUMINENSE	MACAÉ	33015740	CE PROFESSORA VANILDE NATALINO MATTOS
	NORTE FLUMINENSE	MACAÉ	33103119	CIEP 393 PREFEITO CARLOS EMIR MUSSI
	NORTE FLUMINENSE	QUISSAMÃ	33016550	CE VISCONDE DE QUISSAMA
	NORTE FLUMINENSE	QUISSAMÃ	33016569	CE BARAO DE MONTE CEDRO
	NORTE FLUMINENSE	QUISSAMÃ	33016607	EE ENGENHO CENTRAL DE QUISSAMA
	NORTE FLUMINENSE	RIO DAS OSTRAS	33025487	CE JACINTHO XAVIER MARTINS
	NORTE FLUMINENSE	RIO DAS OSTRAS	33025525	CE CINAMOMO
	NORTE FLUMINENSE	RIO DAS OSTRAS	33025576	CE ROCHA LEAO
	NORTE FLUMINENSE	RIO DAS OSTRAS	33097437	CIEP 257 JOAQUIM DO REGO BARROS
	NORTE FLUMINENSE	SÃO FIDÉLIS	33012393	CE DE SAO FIDELIS
	NORTE FLUMINENSE	SÃO FIDÉLIS	33012407	CE MONTESE
	NORTE FLUMINENSE	SÃO FIDÉLIS	33012458	CE BARAO DE MACAUBAS
	NORTE FLUMINENSE	SÃO FIDÉLIS	33013160	CE ELVIDIO COSTA
	NORTE FLUMINENSE	SÃO FIDÉLIS	33013322	CE GERAQUE COLLET
	NORTE FLUMINENSE	SÃO FRANCISCO DE ITABAPOANA	33013772	CE SAO FRANCISCO DE PAULA
	NORTE FLUMINENSE	SÃO FRANCISCO DE ITABAPOANA	33013802	CE AGOSTINHO CHRYSANTO DE ARAUJO
	NORTE FLUMINENSE	SÃO FRANCISCO DE ITABAPOANA	33013837	CE ERCILIA MUYLAERT DE MENEZES
	NORTE FLUMINENSE	SÃO FRANCISCO DE ITABAPOANA	33013918	CE PEDRO CERQUEIRA
	NORTE FLUMINENSE	SÃO FRANCISCO DE ITABAPOANA	33014086	CE ANA NUNES VIANA
	NORTE FLUMINENSE	SÃO FRANCISCO DE ITABAPOANA	33014116	CE DOMIRES MACHADO
	NORTE FLUMINENSE	SÃO FRANCISCO DE ITABAPOANA	33014310	CE JOAQUIM GOMES CRESPO
	NORTE FLUMINENSE	SÃO FRANCISCO DE ITABAPOANA	33095140	CIEP 470 CELSO MARTINS CORDEIRO
	NORTE FLUMINENSE	SÃO JOÃO DA BARRA	33013497	CE ALBERTO TORRES
	NORTE FLUMINENSE	SÃO JOÃO DA BARRA	33013535	CE ADMARDO ALVES TORRES
	NORTE FLUMINENSE	SÃO JOÃO DA BARRA	33013551	CE DOUTOR NEWTON ALVES
	NORTE FLUMINENSE	SÃO JOÃO DA BARRA	33013683	CE RAIMUNDO DE MAGALHAES
	NORTE FLUMINENSE	SÃO JOÃO DA BARRA	33013691	CE DOUTOR OLIMPIO SATURNINO DE BRITO
	NORTE FLUMINENSE	SÃO JOÃO DA BARRA	33014566	CE JOAO COELHO DA SILVA
	NORTE FLUMINENSE	SÃO JOÃO DA BARRA	33170185	CE CHRISANTO HENRIQUE DE SOUZA
	SERRANA I	GUAPIMIRIM	33051097	CE ALCINDO GUANABARA
	SERRANA I	GUAPIMIRIM	33051100	CE PROFESSORA ALVINA VALERIO DA SILVA
	SERRANA I	GUAPIMIRIM	33051127	CE CORTUME CARIOCA
	SERRANA I	ITABORAÍ	33051321	CIEP 130 DOUTOR ELIAS DE MIRANDA SARAIVA
	SERRANA I	ITABORAÍ	33051330	CIEP 129  JOSE MARIA NANCI
	SERRANA I	ITABORAÍ	33051364	CE AGRICOLA JOSE SOARES JUNIOR
	SERRANA I	ITABORAÍ	33051380	CE VISCONDE DE ITABORAI
	SERRANA I	ITABORAÍ	33051518	CE SALVADOR DE MENDONCA
	SERRANA I	ITABORAÍ	33051739	CE FRANCESCA CAREY
	SERRANA I	ITABORAÍ	33051747	CE LUCAS DA SILVA
	SERRANA I	ITABORAÍ	33051844	CE HILKA DE ARAUJO PECANHA
	SERRANA I	ITABORAÍ	33051879	CE DOUTOR MOACYR MEIRELLES PADILHA
	SERRANA I	ITABORAÍ	33052069	CE PROFESSORA MARIA INOCENCIA FERREIRA
	SERRANA I	ITABORAÍ	33052255	CE JOVINA AMARAL DE OLIVEIRA
	SERRANA I	ITABORAÍ	33097046	CIEP 424 PEDRO AMORIM
	SERRANA I	ITABORAÍ	33097054	CIEP 308 PASCOAL CARLOS MAGNO
	SERRANA I	ITABORAÍ	33097178	CIEP 451 ELIZA ANTONIA RAINHO DIAS
	SERRANA I	ITABORAÍ	33098786	CIEP 453 DOUTOR MILTON RODRIGUES ROCHA
	SERRANA I	ITABORAÍ	33098794	CIEP 415 MIGUEL DE CERVANTES
	SERRANA I	ITABORAÍ	33098808	CIEP 426 EDUARDO RIBEIRO DE CARVALHO
	SERRANA I	MAGÉ	33051070	CIEP 444 ISRAEL JACOB AVERBACH
	SERRANA I	MAGÉ	33052786	CIEP 128 MAGEPE MIRIM
	SERRANA I	MAGÉ	33052808	CEI AGROECOLOGICO BARAO DE LANGSDORFF
	SERRANA I	MAGÉ	33052816	CE DE MAGE
	SERRANA I	MAGÉ	33052891	CE PROFESSORA SONIA MARIA PIEDADE DE MOURA
	SERRANA I	MAGÉ	33052913	CE SAO FRANCISCO DE ASSIS
	SERRANA I	MAGÉ	33052930	CE VISCONDE DE SEPETIBA
	SERRANA I	MAGÉ	33053162	CE MAUA
	SERRANA I	MAGÉ	33053189	CE OSWALDO CRUZ
	SERRANA I	MAGÉ	33053340	CIEP 441 MANE GARRINCHA
	SERRANA I	MAGÉ	33053359	CIEP 127 FREI ACURSIO ALOISIO GONZAGA BOLWER
	SERRANA I	MAGÉ	33053383	CE JOSE VERISSIMO
	SERRANA I	MAGÉ	33053391	CE PROFESSOR ALFREDO BALTHAZAR DA SILVEIRA
	SERRANA I	MAGÉ	33053413	CE PROFESSORA ALDA BERNARDO DOS SANTOS TAVARES
	SERRANA I	MAGÉ	33053693	CE JOAQUIM LEITAO
	SERRANA I	MAGÉ	33053715	CE PROFESSORA RUTH TALDO FRANCA
	SERRANA I	MAGÉ	33053766	CIEP 327 PEDRO AMERICO
	SERRANA I	MAGÉ	33053774	CE CORONEL SERGIO JOSE DO AMARAL
	SERRANA I	MAGÉ	33125325	CIEP 260 JOSE BARBOSA PORTO
	SERRANA I	PETRÓPOLIS	33040087	CIEP 038 SANTOS DUMONT
	SERRANA I	PETRÓPOLIS	33040125	CE DOM PEDRO II
	SERRANA I	PETRÓPOLIS	33040141	CE PRINCESA ISABEL
	SERRANA I	PETRÓPOLIS	33040150	CE RUI BARBOSA
	SERRANA I	PETRÓPOLIS	33040400	CE CARDOSO FONTES
	SERRANA I	PETRÓPOLIS	33041032	CE PROFESSOR AUGUSTO MESCHICK
	SERRANA I	PETRÓPOLIS	33041210	CIEP 137 CECILIA MEIRELES
	SERRANA I	PETRÓPOLIS	33041253	CE IRMA CECILIA JARDIM
	SERRANA I	PETRÓPOLIS	33041326	CE DE ARARAS
	SERRANA I	PETRÓPOLIS	33041628	CIEP 472 CANDIDO PORTINARI
	SERRANA I	PETRÓPOLIS	33041776	CE EMBAIXADOR JOSE BONIFACIO
	SERRANA I	PETRÓPOLIS	33041946	CIEP 281 GABRIELA MISTRAL
	SERRANA I	SÃO JOSÉ DO VALE DO RIO PRETO	33042047	CE CORONEL JOAO LIMONGI
	SERRANA I	TANGUÁ	33052182	CE ANTONIO FRANCISCO LEAL
	SERRANA I	TANGUÁ	33099936	CIEP 252 JOAO BAPTISTA CAFFARO
	SERRANA I	TERESÓPOLIS	33042497	CIEP 475 SEBASTIAO MELLO
	SERRANA I	TERESÓPOLIS	33042519	CE EDMUNDO BITTENCOURT
	SERRANA I	TERESÓPOLIS	33042527	CE EUCLYDES DA CUNHA
	SERRANA I	TERESÓPOLIS	33042543	CE PRESIDENTE BERNARDES
	SERRANA I	TERESÓPOLIS	33042667	CE CAMPOS SALLES
	SERRANA I	TERESÓPOLIS	33042683	CE FANY NISKIER
	SERRANA I	TERESÓPOLIS	33042705	CE HIGINO DA SILVEIRA
	SERRANA I	TERESÓPOLIS	33042730	CE LIONS CLUB
	SERRANA I	TERESÓPOLIS	33043132	CIA JOSE FRANCISCO LIPPI
	SERRANA II	BOM JARDIM	33020540	CIEP 322 MOZART CUNHA GUIMARAES
	SERRANA II	BOM JARDIM	33020558	CE RAMIRO BRAGA
	SERRANA II	BOM JARDIM	33020710	CE DOUTOR PERICLES CORREA DA ROCHA
	SERRANA II	BOM JARDIM	33020779	CE LEOPOLDO OSCAR STUTZ
	SERRANA II	BOM JARDIM	33020957	CE PROFESSOR JOAO BRASIL
	SERRANA II	CACHOEIRAS DE MACACU	33043515	CIEP 140 MARIO CESAR GOMES DA SILVA
	SERRANA II	CACHOEIRAS DE MACACU	33043523	CE MARIA ZULMIRA TORRES
	SERRANA II	CACHOEIRAS DE MACACU	33043612	CE QUINTINO BOCAIUVA
	SERRANA II	CACHOEIRAS DE MACACU	33043655	CIEP 479 DOUTOR MARIO SIMAO ASSAF
	SERRANA II	CACHOEIRAS DE MACACU	33043736	CIEP 353 DOUTOR BROCHADO DA ROCHA
	SERRANA II	CACHOEIRAS DE MACACU	33043752	CE BACCOPARO MARTINS
	SERRANA II	CACHOEIRAS DE MACACU	33043760	CE SOL NASCENTE
	SERRANA II	CACHOEIRAS DE MACACU	33043779	CE MARIA VERALBA FERRAZ
	SERRANA II	CACHOEIRAS DE MACACU	33044147	CE SAO JOSE
	SERRANA II	CANTAGALO	33018804	CIEP 277 JOAO NICOLAO FILHO - JANJAO
	SERRANA II	CANTAGALO	33018820	CE MARIA ZULMIRA TORRES
	SERRANA II	CANTAGALO	33019223	CE JOAO DE ABREU JUNIOR
	SERRANA II	CANTAGALO	33019290	CE CONDE DE NOVA FRIBURGO
	SERRANA II	CANTAGALO	33019428	CE DOUTOR FRANCISCO LEITE TEIXEIRA
	SERRANA II	CARMO	33019673	CIEP 280 PROFESSOR VASCO FERNANDES DA SILVA PORTO
	SERRANA II	CARMO	33019681	CE PROFESSOR AURELIO DUARTE
	SERRANA II	CARMO	33019789	CE FRANCISCO VARELLA
	SERRANA II	CARMO	33019800	CE INDEPENDENCIA
	SERRANA II	CARMO	33020035	CE FRANCISCO LOURENCO ALVES
	SERRANA II	CASIMIRO DE ABREU	33025100	CE CASIMIRO DE ABREU
	SERRANA II	CASIMIRO DE ABREU	33025150	CE PROFESSOR SOUZA
	SERRANA II	CASIMIRO DE ABREU	33025320	CE BARRA DE SAO JOAO
	SERRANA II	CASIMIRO DE ABREU	33025347	CE MATARUNA
	SERRANA II	CASIMIRO DE ABREU	33025355	CE RIO DOURADO
	SERRANA II	CASIMIRO DE ABREU	33025363	CE SANTA MARIA
	SERRANA II	CASIMIRO DE ABREU	33094330	CE INDAIAÇU
	SERRANA II	CORDEIRO	33020116	CIEP 145  DOUTOR OSWALDO CRUZ
	SERRANA II	CORDEIRO	33020140	CE ANTONIO PECLY
	SERRANA II	CORDEIRO	33020205	CE CONSTANCA SOARES TEIXEIRA
	SERRANA II	CORDEIRO	33020213	IE INOCENCIO DE ANDRADE
	SERRANA II	DUAS BARRAS	33021082	CE ALMIRANTE PROTOGENES
	SERRANA II	DUAS BARRAS	33021236	CE MARIA ROSA TEIXEIRA
	SERRANA II	DUAS BARRAS	33142351	CIEP 511 PROFESSORA ALAIDE ARAUJO STORCK MELLOR MARQUES
	SERRANA II	MACUCO	33020396	CE JOSE CARLOS BOARETTO
	SERRANA II	MACUCO	33020434	CE FARMACEUTICO RODOLFO ALBINO
	SERRANA II	NOVA FRIBURGO	33021694	CE CANADA
	SERRANA II	NOVA FRIBURGO	33021708	CE PROFESSOR JAMIL EL JAICK
	SERRANA II	NOVA FRIBURGO	33021813	CE AUGUSTO SPINELLI
	SERRANA II	NOVA FRIBURGO	33021830	CE DOUTOR GALDINO DO VALLE FILHO
	SERRANA II	NOVA FRIBURGO	33021848	CE DOUTOR JOAO BAZET
	SERRANA II	NOVA FRIBURGO	33021864	CE DOUTOR TUFFY EL JAICK
	SERRANA II	NOVA FRIBURGO	33021880	CE ETELVINA SCHOTTZ
	SERRANA II	NOVA FRIBURGO	33021902	CE JULIO SALUSSE
	SERRANA II	NOVA FRIBURGO	33021929	EE MARCILIO DIAS
	SERRANA II	NOVA FRIBURGO	33021937	CE PADRE FRANCA
	SERRANA II	NOVA FRIBURGO	33021945	CE PADRE MADUREIRA
	SERRANA II	NOVA FRIBURGO	33021961	CE PROFESSOR CARLOS CORTES
	SERRANA II	NOVA FRIBURGO	33022003	CE PROFESSORA ZELIA DOS SANTOS CORTES
	SERRANA II	NOVA FRIBURGO	33022011	CE SALUSTIANO JOSE RIBEIRO SERAFIM
	SERRANA II	NOVA FRIBURGO	33022275	IE DE NOVA FRIBURGO
	SERRANA II	NOVA FRIBURGO	33022569	CE EDUARDO BREDER
	SERRANA II	NOVA FRIBURGO	33022755	CIEP 123 GLAUBER ROCHA
	SERRANA II	NOVA FRIBURGO	33022810	CE DOUTOR VICENTE DE MORAES
	SERRANA II	NOVA FRIBURGO	33022968	CE CARLOS MARIA MARCHON
	SERRANA II	NOVA FRIBURGO	33023212	CE EMILIA ROSCHEMANT
	SERRANA II	NOVA FRIBURGO	33023298	CE JOSE MARTINS DA COSTA
	SERRANA II	NOVA FRIBURGO	33102090	CE DOUTOR FELICIANO COSTA
	SERRANA II	NOVA FRIBURGO	33102791	CENTRO FAMILIAR DE FORMAÇÃO POR ALTERNANCIA COLEGIO ESTADUAL AGRICOLA REI ALBERTO I
	SERRANA II	NOVA FRIBURGO	33105022	CIEP 480 PROFESSOR LUIZ CARLOS VERONESE
	SERRANA II	NOVA FRIBURGO	33173346	CE RAPHAEL LUIZ DE SIQUEIRA JACCOUD
	SERRANA II	SANTA MARIA MADALENA	33023751	CE BARAO DE SANTA MARIA MADALENA
	SERRANA II	SÃO SEBASTIÃO DO ALTO	33024480	CE JOSE CARDOSO DE MORAES
	SERRANA II	SÃO SEBASTIÃO DO ALTO	33024537	CE JANUARIO DE TOLEDO PIZZA
	SERRANA II	SÃO SEBASTIÃO DO ALTO	33093989	CIEP 274 MARIA AMELIA DAFLON FERRO
	SERRANA II	SILVA JARDIM	33025754	CE SERVULO MELLO
	SERRANA II	SILVA JARDIM	33025835	CE SAO SEBASTIAO
	SERRANA II	SUMIDOURO	33023310	CIEP 283 MARIA AMELIA PACHECO
	SERRANA II	SUMIDOURO	33023328	CE MONSENHOR IVO SANTE DONIN
	SERRANA II	SUMIDOURO	33149178	CE CAMPINAS II
	SERRANA II	TRAJANO DE MORAES	33024650	CE MARIA MARINA PINTO SILVA
	SERRANA II	TRAJANO DE MORAES	33024758	EE DOUTOR ELIAS
	SERRANA II	TRAJANO DE MORAES	33024880	EE DOUTOR JOSE DE MORAES SOUZA
	SERRANA II	TRAJANO DE MORAES	33024952	CE JOAO DE MORAES MARTINS
	SERRANA II	TRAJANO DE MORAES	33025010	EE HONESTALDA DE MORAES MARTINS
	SERRANA II	TRAJANO DE MORAES	33100608	CIEP 279 PROFESSORA GUIOMAR GONCALVES NEVES
	SERRANA II	TRAJANO DE MORAES	33105286	EE MARIA MENDONCA